(1717243200.000000) can0 100#10277F0300000000
(1717243200.003000) can0 200#DE0D1602B8000000
(1717243200.007000) can0 300#B5014B0400000000
(1717243200.020000) can0 100#2927810300000000
(1717243200.040000) can0 100#4227820300000000
(1717243200.057000) can0 300#B6014B0400000000
(1717243200.060000) can0 100#5C27840300000000
(1717243200.080000) can0 100#7527860300000000
(1717243200.100000) can0 100#8E27880300000000
(1717243200.103000) can0 200#DE0D1E02B8000000
(1717243200.107000) can0 300#B8014B0400000000
(1717243200.120000) can0 100#A7278A0300000000
(1717243200.140000) can0 100#C0278C0300000000
(1717243200.157000) can0 300#BA014B0400000000
(1717243200.160000) can0 100#DA278E0300000000
(1717243200.180000) can0 100#F327900300000000
(1717243200.200000) can0 100#0C28920300000000
(1717243200.203000) can0 200#DE0D2502B8000000
(1717243200.207000) can0 300#BC014B0400000000
(1717243200.220000) can0 100#2528940300000000
(1717243200.240000) can0 100#3E28960300000000
(1717243200.257000) can0 300#BD014B0400000000
(1717243200.260000) can0 100#5728980300000000
(1717243200.280000) can0 100#70289A0300000000
(1717243200.300000) can0 100#89289C0300000000
(1717243200.303000) can0 200#DF0D2C02B8000000
(1717243200.307000) can0 300#BF014B0400000000
(1717243200.320000) can0 100#A2289E0300000000
(1717243200.340000) can0 100#BB28A00300000000
(1717243200.357000) can0 300#C1014B0400000000
(1717243200.360000) can0 100#D428A20300000000
(1717243200.380000) can0 100#ED28A30300000000
(1717243200.400000) can0 100#0629A50300000000
(1717243200.403000) can0 200#DF0D3302B8000000
(1717243200.407000) can0 300#C3014B0400000000
(1717243200.420000) can0 100#1E29A70300000000
(1717243200.440000) can0 100#3729A90300000000
(1717243200.457000) can0 300#C4014B0400000000
(1717243200.460000) can0 100#5029AB0300000000
(1717243200.480000) can0 100#6829AD0300000000
(1717243200.500000) can0 100#8129AE0300000000
(1717243200.503000) can0 200#DF0D3B02B8000000
(1717243200.507000) can0 300#C6014B0400000000
(1717243200.520000) can0 100#9929B00300000000
(1717243200.540000) can0 100#B229B20300000000
(1717243200.557000) can0 300#C8014B0400000000
(1717243200.560000) can0 100#CA29B40300000000
(1717243200.580000) can0 100#E329B50300000000
(1717243200.600000) can0 100#FB29B70300000000
(1717243200.603000) can0 200#DF0D4102B8000000
(1717243200.607000) can0 300#C9014B0400000000
(1717243200.620000) can0 100#132AB90300000000
(1717243200.640000) can0 100#2B2ABB0300000000
(1717243200.657000) can0 300#CB014B0400000000
(1717243200.660000) can0 100#432ABC0300000000
(1717243200.680000) can0 100#5B2ABE0300000000
(1717243200.700000) can0 100#732ABF0300000000
(1717243200.703000) can0 200#DF0D4802B8000000
(1717243200.707000) can0 300#CD014B0400000000
(1717243200.720000) can0 100#8B2AC10300000000
(1717243200.740000) can0 100#A32AC30300000000
(1717243200.757000) can0 300#CF014B0400000000
(1717243200.760000) can0 100#BA2AC40300000000
(1717243200.780000) can0 100#D22AC60300000000
(1717243200.800000) can0 100#EA2AC70300000000
(1717243200.803000) can0 200#DF0D4F02B8000000
(1717243200.807000) can0 300#D0014B0400000000
(1717243200.820000) can0 100#012BC90300000000
(1717243200.840000) can0 100#182BCA0300000000
(1717243200.857000) can0 300#D2014B0400000000
(1717243200.860000) can0 100#302BCC0300000000
(1717243200.880000) can0 100#472BCD0300000000
(1717243200.900000) can0 100#5E2BCF0300000000
(1717243200.903000) can0 200#E00D5502B8000000
(1717243200.907000) can0 300#D4014B0400000000
(1717243200.920000) can0 100#752BD00300000000
(1717243200.940000) can0 100#8C2BD20300000000
(1717243200.957000) can0 300#D6014B0400000000
(1717243200.960000) can0 100#A22BD30300000000
(1717243200.980000) can0 100#B92BD40300000000
(1717243201.000000) can0 100#D02BD60300000000
(1717243201.003000) can0 200#E00D5B02B8000000
(1717243201.007000) can0 300#D7014B0400000000
(1717243201.020000) can0 100#E62BD70300000000
(1717243201.040000) can0 100#FD2BD80300000000
(1717243201.057000) can0 300#D9014B0400000000
(1717243201.060000) can0 100#132CD90300000000
(1717243201.080000) can0 100#292CDB0300000000
(1717243201.100000) can0 100#3F2CDC0300000000
(1717243201.103000) can0 200#E00D6102B8000000
(1717243201.107000) can0 300#DB014B0400000000
(1717243201.120000) can0 100#552CDD0300000000
(1717243201.140000) can0 100#6B2CDE0300000000
(1717243201.157000) can0 300#DD014B0400000000
(1717243201.160000) can0 100#812CDF0300000000
(1717243201.180000) can0 100#962CE00300000000
(1717243201.200000) can0 100#AC2CE10300000000
(1717243201.203000) can0 200#E00D6702B8000000
(1717243201.207000) can0 300#DE014B0400000000
(1717243201.220000) can0 100#C12CE20300000000
(1717243201.240000) can0 100#D62CE30300000000
(1717243201.257000) can0 300#E0014B0400000000
(1717243201.260000) can0 100#EB2CE40300000000
(1717243201.280000) can0 100#002DE50300000000
(1717243201.300000) can0 100#152DE60300000000
(1717243201.303000) can0 200#E00D6C02B8000000
(1717243201.307000) can0 300#E2014B0400000000
(1717243201.320000) can0 100#2A2DE70300000000
(1717243201.340000) can0 100#3F2DE80300000000
(1717243201.357000) can0 300#E3014B0400000000
(1717243201.360000) can0 100#532DE90300000000
(1717243201.380000) can0 100#682DEA0300000000
(1717243201.400000) can0 100#7C2DEB0300000000
(1717243201.403000) can0 200#E00D7202B8000000
(1717243201.407000) can0 300#E5014B0400000000
(1717243201.420000) can0 100#902DEB0300000000
(1717243201.440000) can0 100#A42DEC0300000000
(1717243201.457000) can0 300#E7014B0400000000
(1717243201.460000) can0 100#B82DED0300000000
(1717243201.480000) can0 100#CB2DEE0300000000
(1717243201.500000) can0 100#DF2DEE0300000000
(1717243201.503000) can0 200#E10D7702B8000000
(1717243201.507000) can0 300#E9014B0400000000
(1717243201.520000) can0 100#F22DEF0300000000
(1717243201.540000) can0 100#062EF00300000000
(1717243201.557000) can0 300#EA014B0400000000
(1717243201.560000) can0 100#192EF00300000000
(1717243201.580000) can0 100#2C2EF10300000000
(1717243201.600000) can0 100#3F2EF10300000000
(1717243201.603000) can0 200#E10D7B02B8000000
(1717243201.607000) can0 300#EC014B0400000000
(1717243201.620000) can0 100#522EF20300000000
(1717243201.640000) can0 100#642EF20300000000
(1717243201.657000) can0 300#EE014B0400000000
(1717243201.660000) can0 100#772EF30300000000
(1717243201.680000) can0 100#892EF30300000000
(1717243201.700000) can0 100#9B2EF30300000000
(1717243201.703000) can0 200#E10D7F02B8000000
(1717243201.707000) can0 300#F0014B0400000000
(1717243201.720000) can0 100#AD2EF40300000000
(1717243201.740000) can0 100#BF2EF40300000000
(1717243201.757000) can0 300#F1014B0400000000
(1717243201.760000) can0 100#D12EF40300000000
(1717243201.780000) can0 100#E32EF50300000000
(1717243201.800000) can0 100#F42EF50300000000
(1717243201.803000) can0 200#E10D8302B8000000
(1717243201.807000) can0 300#F3014B0400000000
(1717243201.820000) can0 100#052FF50300000000
(1717243201.840000) can0 100#172FF50300000000
(1717243201.857000) can0 300#F5014B0400000000
(1717243201.860000) can0 100#282FF50300000000
(1717243201.880000) can0 100#382FF50300000000
(1717243201.900000) can0 100#492FF50300000000
(1717243201.903000) can0 200#E10D8702B8000000
(1717243201.907000) can0 300#F6014B0400000000
(1717243201.920000) can0 100#5A2FF60300000000
(1717243201.940000) can0 100#6A2FF60300000000
(1717243201.957000) can0 300#F8014B0400000000
(1717243201.960000) can0 100#7A2FF60300000000
(1717243201.980000) can0 100#8B2FF50300000000
(1717243202.000000) can0 100#9B2FF50300000000
(1717243202.003000) can0 200#E20D8A02B8000000
(1717243202.007000) can0 300#FA014B0400000000
(1717243202.020000) can0 100#AA2FF50300000000
(1717243202.040000) can0 100#BA2FF50300000000
(1717243202.057000) can0 300#FB014B0400000000
(1717243202.060000) can0 100#CA2FF50300000000
(1717243202.080000) can0 100#D92FF50300000000
(1717243202.100000) can0 100#E82FF50300000000
(1717243202.103000) can0 200#E20D8D02B8000000
(1717243202.107000) can0 300#FD014B0400000000
(1717243202.120000) can0 100#F72FF40300000000
(1717243202.140000) can0 100#0630F40300000000
(1717243202.157000) can0 300#FF014B0400000000
(1717243202.160000) can0 100#1530F40300000000
(1717243202.180000) can0 100#2430F40300000000
(1717243202.200000) can0 100#3230F30300000000
(1717243202.203000) can0 200#E20D9002B8000000
(1717243202.207000) can0 300#01024B0400000000
(1717243202.220000) can0 100#4030F30300000000
(1717243202.240000) can0 100#4F30F30300000000
(1717243202.257000) can0 300#02024B0400000000
(1717243202.260000) can0 100#5D30F20300000000
(1717243202.280000) can0 100#6B30F20300000000
(1717243202.300000) can0 100#7830F10300000000
(1717243202.303000) can0 200#E20D9202B8000000
(1717243202.307000) can0 300#04024B0400000000
(1717243202.320000) can0 100#8630F10300000000
(1717243202.340000) can0 100#9330F00300000000
(1717243202.357000) can0 300#06024B0400000000
(1717243202.360000) can0 100#A130F00300000000
(1717243202.380000) can0 100#AE30EF0300000000
(1717243202.400000) can0 100#BB30EE0300000000
(1717243202.403000) can0 200#E20D9402B8000000
(1717243202.407000) can0 300#07024B0400000000
(1717243202.420000) can0 100#C830EE0300000000
(1717243202.440000) can0 100#D430ED0300000000
(1717243202.457000) can0 300#09024B0400000000
(1717243202.460000) can0 100#E130ED0300000000
(1717243202.480000) can0 100#ED30EC0300000000
(1717243202.500000) can0 100#FA30EB0300000000
(1717243202.503000) can0 200#E20D9602B8000000
(1717243202.507000) can0 300#0B024B0400000000
(1717243202.520000) can0 100#0631EA0300000000
(1717243202.540000) can0 100#1231EA0300000000
(1717243202.557000) can0 300#0C024B0400000000
(1717243202.560000) can0 100#1D31E90300000000
(1717243202.580000) can0 100#2931E80300000000
(1717243202.600000) can0 100#3531E70300000000
(1717243202.603000) can0 200#E30D9702B8000000
(1717243202.607000) can0 300#0E024C0400000000
(1717243202.620000) can0 100#4031E60300000000
(1717243202.640000) can0 100#4B31E50300000000
(1717243202.657000) can0 300#10024C0400000000
(1717243202.660000) can0 100#5731E50300000000
(1717243202.680000) can0 100#6231E40300000000
(1717243202.700000) can0 100#6D31E30300000000
(1717243202.703000) can0 200#E30D9802B8000000
(1717243202.707000) can0 300#11024C0400000000
(1717243202.720000) can0 100#7731E20300000000
(1717243202.740000) can0 100#8231E10300000000
(1717243202.757000) can0 300#13024C0400000000
(1717243202.760000) can0 100#8C31E00300000000
(1717243202.780000) can0 100#9731DF0300000000
(1717243202.800000) can0 100#A131DE0300000000
(1717243202.803000) can0 200#E30D9902B8000000
(1717243202.807000) can0 300#15024C0400000000
(1717243202.820000) can0 100#AB31DD0300000000
(1717243202.840000) can0 100#B531DC0300000000
(1717243202.857000) can0 300#16024C0400000000
(1717243202.860000) can0 100#BF31DB0300000000
(1717243202.880000) can0 100#C831DA0300000000
(1717243202.900000) can0 100#D231D80300000000
(1717243202.903000) can0 200#E30D9902B8000000
(1717243202.907000) can0 300#18024C0400000000
(1717243202.920000) can0 100#DC31D70300000000
(1717243202.940000) can0 100#E531D60300000000
(1717243202.957000) can0 300#1A024C0400000000
(1717243202.960000) can0 100#EE31D50300000000
(1717243202.980000) can0 100#F731D40300000000
(1717243203.000000) can0 100#0032D30300000000
(1717243203.003000) can0 200#E30D9902B8000000
(1717243203.007000) can0 300#1B024C0400000000
(1717243203.020000) can0 100#0932D10300000000
(1717243203.040000) can0 100#1232D00300000000
(1717243203.057000) can0 300#1D024C0400000000
(1717243203.060000) can0 100#1A32CF0300000000
(1717243203.080000) can0 100#2332CE0300000000
(1717243203.100000) can0 100#2B32CD0300000000
(1717243203.103000) can0 200#E30D9902B8000000
(1717243203.107000) can0 300#1F024C0400000000
(1717243203.120000) can0 100#3432CB0300000000
(1717243203.140000) can0 100#3C32CA0300000000
(1717243203.157000) can0 300#20024C0400000000
(1717243203.160000) can0 100#4432C90300000000
(1717243203.180000) can0 100#4C32C70300000000
(1717243203.200000) can0 100#5432C60300000000
(1717243203.203000) can0 200#E30D9902B8000000
(1717243203.207000) can0 300#22024C0400000000
(1717243203.220000) can0 100#5B32C50300000000
(1717243203.240000) can0 100#6332C40300000000
(1717243203.257000) can0 300#24024C0400000000
(1717243203.260000) can0 100#6B32C20300000000
(1717243203.280000) can0 100#7232C10300000000
(1717243203.300000) can0 100#7A32C00300000000
(1717243203.303000) can0 200#E40D9802B8000000
(1717243203.307000) can0 300#25024C0400000000
(1717243203.320000) can0 100#8132BE0300000000
(1717243203.340000) can0 100#8832BD0300000000
(1717243203.357000) can0 300#27024C0400000000
(1717243203.360000) can0 100#8F32BC0300000000
(1717243203.380000) can0 100#9632BA0300000000
(1717243203.400000) can0 100#9D32B90300000000
(1717243203.403000) can0 200#E40D9702B8000000
(1717243203.407000) can0 300#28024C0400000000
(1717243203.420000) can0 100#A432B70300000000
(1717243203.440000) can0 100#AB32B60300000000
(1717243203.457000) can0 300#2A024C0400000000
(1717243203.460000) can0 100#B132B50300000000
(1717243203.480000) can0 100#B832B30300000000
(1717243203.500000) can0 100#BF32B20300000000
(1717243203.503000) can0 200#E40D9602B8000000
(1717243203.507000) can0 300#2C024C0400000000
(1717243203.520000) can0 100#C532B10300000000
(1717243203.540000) can0 100#CB32AF0300000000
(1717243203.557000) can0 300#2D024C0400000000
(1717243203.560000) can0 100#D232AE0300000000
(1717243203.580000) can0 100#D832AC0300000000
(1717243203.600000) can0 100#DE32AB0300000000
(1717243203.603000) can0 200#E40D9402B8000000
(1717243203.607000) can0 300#2F024C0400000000
(1717243203.620000) can0 100#E432AA0300000000
(1717243203.640000) can0 100#EA32A80300000000
(1717243203.657000) can0 300#30024C0400000000
(1717243203.660000) can0 100#F032A70300000000
(1717243203.680000) can0 100#F632A50300000000
(1717243203.700000) can0 100#FC32A40300000000
(1717243203.703000) can0 200#E40D9202B8000000
(1717243203.707000) can0 300#32024C0400000000
(1717243203.720000) can0 100#0233A30300000000
(1717243203.740000) can0 100#0833A10300000000
(1717243203.757000) can0 300#34024C0400000000
(1717243203.760000) can0 100#0D33A00300000000
(1717243203.780000) can0 100#13339F0300000000
(1717243203.800000) can0 100#19339D0300000000
(1717243203.803000) can0 200#E40D9102B8000000
(1717243203.807000) can0 300#35024C0400000000
(1717243203.820000) can0 100#1E339C0300000000
(1717243203.840000) can0 100#24339B0300000000
(1717243203.857000) can0 300#37024C0400000000
(1717243203.860000) can0 100#2933990300000000
(1717243203.880000) can0 100#2F33980300000000
(1717243203.900000) can0 100#3433970300000000
(1717243203.903000) can0 200#E40D8F02B8000000
(1717243203.907000) can0 300#38024C0400000000
(1717243203.920000) can0 100#3933950300000000
(1717243203.940000) can0 100#3F33940300000000
(1717243203.957000) can0 300#3A024C0400000000
(1717243203.960000) can0 100#4433930300000000
(1717243203.980000) can0 100#4933910300000000
(1717243204.000000) can0 100#4E33900300000000
(1717243204.003000) can0 200#E50D8C02B8000000
(1717243204.007000) can0 300#3C024C0400000000
(1717243204.020000) can0 100#54338F0300000000
(1717243204.040000) can0 100#59338D0300000000
(1717243204.057000) can0 300#3D024C0400000000
(1717243204.060000) can0 100#5E338C0300000000
(1717243204.080000) can0 100#63338B0300000000
(1717243204.100000) can0 100#68338A0300000000
(1717243204.103000) can0 200#E50D8A02B8000000
(1717243204.107000) can0 300#3F024C0400000000
(1717243204.120000) can0 100#6E33890300000000
(1717243204.140000) can0 100#7333870300000000
(1717243204.157000) can0 300#40024C0400000000
(1717243204.160000) can0 100#7833860300000000
(1717243204.180000) can0 100#7D33850300000000
(1717243204.200000) can0 100#8233840300000000
(1717243204.203000) can0 200#E50D8802B8000000
(1717243204.207000) can0 300#42024C0400000000
(1717243204.220000) can0 100#8733830300000000
(1717243204.240000) can0 100#8C33810300000000
(1717243204.257000) can0 300#43024C0400000000
(1717243204.260000) can0 100#9133800300000000
(1717243204.280000) can0 100#96337F0300000000
(1717243204.300000) can0 100#9B337E0300000000
(1717243204.303000) can0 200#E50D8502B8000000
(1717243204.307000) can0 300#45024C0400000000
(1717243204.320000) can0 100#A1337D0300000000
(1717243204.340000) can0 100#A6337C0300000000
(1717243204.357000) can0 300#47024C0400000000
(1717243204.360000) can0 100#AB337B0300000000
(1717243204.380000) can0 100#B0337A0300000000
(1717243204.400000) can0 100#B533790300000000
(1717243204.403000) can0 200#E50D8302B8000000
(1717243204.407000) can0 300#48024C0400000000
(1717243204.420000) can0 100#BA33780300000000
(1717243204.440000) can0 100#BF33770300000000
(1717243204.457000) can0 300#4A024C0400000000
(1717243204.460000) can0 100#C533760300000000
(1717243204.480000) can0 100#CA33750300000000
(1717243204.500000) can0 100#CF33740300000000
(1717243204.503000) can0 200#E50D8002B8000000
(1717243204.507000) can0 300#4B024C0400000000
(1717243204.520000) can0 100#D433730300000000
(1717243204.540000) can0 100#DA33720300000000
(1717243204.557000) can0 300#4D024C0400000000
(1717243204.560000) can0 100#DF33710300000000
(1717243204.580000) can0 100#E533710300000000
(1717243204.600000) can0 100#EA33700300000000
(1717243204.603000) can0 200#E50D7E02B8000000
(1717243204.607000) can0 300#4E024C0400000000
(1717243204.620000) can0 100#EF336F0300000000
(1717243204.640000) can0 100#F5336E0300000000
(1717243204.657000) can0 300#50024C0400000000
(1717243204.660000) can0 100#FA336D0300000000
(1717243204.680000) can0 100#00346D0300000000
(1717243204.700000) can0 100#06346C0300000000
(1717243204.703000) can0 200#E60D7B02B8000000
(1717243204.707000) can0 300#51024C0400000000
(1717243204.720000) can0 100#0B346B0300000000
(1717243204.740000) can0 100#11346A0300000000
(1717243204.757000) can0 300#53024C0400000000
(1717243204.760000) can0 100#17346A0300000000
(1717243204.780000) can0 100#1D34690300000000
(1717243204.800000) can0 100#2334690300000000
(1717243204.803000) can0 200#E60D7802B8000000
(1717243204.807000) can0 300#54024C0400000000
(1717243204.820000) can0 100#2834680300000000
(1717243204.840000) can0 100#2E34670300000000
(1717243204.857000) can0 300#56024C0400000000
(1717243204.860000) can0 100#3534670300000000
(1717243204.880000) can0 100#3B34660300000000
(1717243204.900000) can0 100#4134660300000000
(1717243204.903000) can0 200#E60D7602B8000000
(1717243204.907000) can0 300#57024C0400000000
(1717243204.920000) can0 100#4734650300000000
(1717243204.940000) can0 100#4D34650300000000
(1717243204.957000) can0 300#59024C0400000000
(1717243204.960000) can0 100#5434640300000000
(1717243204.980000) can0 100#5A34640300000000
(1717243205.000000) can0 100#6134640300000000
(1717243205.003000) can0 200#E60D7402B7000000
(1717243205.007000) can0 300#5A024C0400000000
(1717243205.020000) can0 100#6734630300000000
(1717243205.040000) can0 100#6E34630300000000
(1717243205.057000) can0 300#5C024C0400000000
(1717243205.060000) can0 100#7534620300000000
(1717243205.080000) can0 100#7C34620300000000
(1717243205.100000) can0 100#8334620300000000
(1717243205.103000) can0 200#E60D7102B7000000
(1717243205.107000) can0 300#5D024C0400000000
(1717243205.120000) can0 100#8A34620300000000
(1717243205.140000) can0 100#9134610300000000
(1717243205.157000) can0 300#5F024C0400000000
(1717243205.160000) can0 100#9834610300000000
(1717243205.180000) can0 100#9F34610300000000
(1717243205.200000) can0 100#A634610300000000
(1717243205.203000) can0 200#E60D6F02B7000000
(1717243205.207000) can0 300#60024C0400000000
(1717243205.220000) can0 100#AE34610300000000
(1717243205.240000) can0 100#B534610300000000
(1717243205.257000) can0 300#62024C0400000000
(1717243205.260000) can0 100#BD34600300000000
(1717243205.280000) can0 100#C434600300000000
(1717243205.300000) can0 100#CC34600300000000
(1717243205.303000) can0 200#E60D6D02B7000000
(1717243205.307000) can0 300#63024C0400000000
(1717243205.320000) can0 100#D434600300000000
(1717243205.340000) can0 100#DC34600300000000
(1717243205.357000) can0 300#64024C0400000000
(1717243205.360000) can0 100#E434600300000000
(1717243205.380000) can0 100#EC34600300000000
(1717243205.400000) can0 100#F534610300000000
(1717243205.403000) can0 200#E60D6B02B7000000
(1717243205.407000) can0 300#66024C0400000000
(1717243205.420000) can0 100#FD34610300000000
(1717243205.440000) can0 100#0535610300000000
(1717243205.457000) can0 300#67024C0400000000
(1717243205.460000) can0 100#0E35610300000000
(1717243205.480000) can0 100#1735610300000000
(1717243205.500000) can0 100#1F35610300000000
(1717243205.503000) can0 200#E60D6902B7000000
(1717243205.507000) can0 300#69024C0400000000
(1717243205.520000) can0 100#2835610300000000
(1717243205.540000) can0 100#3135620300000000
(1717243205.557000) can0 300#6A024C0400000000
(1717243205.560000) can0 100#3A35620300000000
(1717243205.580000) can0 100#4435620300000000
(1717243205.600000) can0 100#4D35630300000000
(1717243205.603000) can0 200#E70D6802B7000000
(1717243205.607000) can0 300#6C024C0400000000
(1717243205.620000) can0 100#5635630300000000
(1717243205.640000) can0 100#6035630300000000
(1717243205.657000) can0 300#6D024C0400000000
(1717243205.660000) can0 100#6A35640300000000
(1717243205.680000) can0 100#7335640300000000
(1717243205.700000) can0 100#7D35640300000000
(1717243205.703000) can0 200#E70D6602B7000000
(1717243205.707000) can0 300#6E024C0400000000
(1717243205.720000) can0 100#8735650300000000
(1717243205.740000) can0 100#9135650300000000
(1717243205.757000) can0 300#70024C0400000000
(1717243205.760000) can0 100#9B35660300000000
(1717243205.780000) can0 100#A635660300000000
(1717243205.800000) can0 100#B035670300000000
(1717243205.803000) can0 200#E70D6502B7000000
(1717243205.807000) can0 300#71024C0400000000
(1717243205.820000) can0 100#BB35670300000000
(1717243205.840000) can0 100#C535680300000000
(1717243205.857000) can0 300#73024C0400000000
(1717243205.860000) can0 100#D035680300000000
(1717243205.880000) can0 100#DB35690300000000
(1717243205.900000) can0 100#E6356A0300000000
(1717243205.903000) can0 200#E70D6402B7000000
(1717243205.907000) can0 300#74024C0400000000
(1717243205.920000) can0 100#F1356A0300000000
(1717243205.940000) can0 100#FD356B0300000000
(1717243205.957000) can0 300#75024C0400000000
(1717243205.960000) can0 100#08366B0300000000
(1717243205.980000) can0 100#13366C0300000000
(1717243206.000000) can0 100#1F366D0300000000
(1717243206.003000) can0 200#E70D6302B7000000
(1717243206.007000) can0 300#77024C0400000000
(1717243206.020000) can0 100#2B366D0300000000
(1717243206.040000) can0 100#37366E0300000000
(1717243206.057000) can0 300#78024C0400000000
(1717243206.060000) can0 100#43366F0300000000
(1717243206.080000) can0 100#4F36700300000000
(1717243206.100000) can0 100#5B36700300000000
(1717243206.103000) can0 200#E70D6302B7000000
(1717243206.107000) can0 300#79024C0400000000
(1717243206.120000) can0 100#6736710300000000
(1717243206.140000) can0 100#7436720300000000
(1717243206.157000) can0 300#7B024C0400000000
(1717243206.160000) can0 100#8036730300000000
(1717243206.180000) can0 100#8D36740300000000
(1717243206.200000) can0 100#9A36750300000000
(1717243206.203000) can0 200#E70D6202B7000000
(1717243206.207000) can0 300#7C024C0400000000
(1717243206.220000) can0 100#A736750300000000
(1717243206.240000) can0 100#B436760300000000
(1717243206.257000) can0 300#7E024C0400000000
(1717243206.260000) can0 100#C136770300000000
(1717243206.280000) can0 100#CE36780300000000
(1717243206.300000) can0 100#DC36790300000000
(1717243206.303000) can0 200#E70D6202B7000000
(1717243206.307000) can0 300#7F024C0400000000
(1717243206.320000) can0 100#E9367A0300000000
(1717243206.340000) can0 100#F7367B0300000000
(1717243206.357000) can0 300#80024C0400000000
(1717243206.360000) can0 100#05377C0300000000
(1717243206.380000) can0 100#13377D0300000000
(1717243206.400000) can0 100#21377E0300000000
(1717243206.403000) can0 200#E70D6202B7000000
(1717243206.407000) can0 300#82024C0400000000
(1717243206.420000) can0 100#2F377F0300000000
(1717243206.440000) can0 100#3D37800300000000
(1717243206.457000) can0 300#83024C0400000000
(1717243206.460000) can0 100#4B37810300000000
(1717243206.480000) can0 100#5A37820300000000
(1717243206.500000) can0 100#6837830300000000
(1717243206.503000) can0 200#E70D6302B7000000
(1717243206.507000) can0 300#84024C0400000000
(1717243206.520000) can0 100#7737840300000000
(1717243206.540000) can0 100#8637850300000000
(1717243206.557000) can0 300#85024C0400000000
(1717243206.560000) can0 100#9537860300000000
(1717243206.580000) can0 100#A437870300000000
(1717243206.600000) can0 100#B337880300000000
(1717243206.603000) can0 200#E70D6402B7000000
(1717243206.607000) can0 300#87024C0400000000
(1717243206.620000) can0 100#C237890300000000
(1717243206.640000) can0 100#D1378A0300000000
(1717243206.657000) can0 300#88024C0400000000
(1717243206.660000) can0 100#E1378B0300000000
(1717243206.680000) can0 100#F0378C0300000000
(1717243206.700000) can0 100#00388D0300000000
(1717243206.703000) can0 200#E70D6502B7000000
(1717243206.707000) can0 300#89024C0400000000
(1717243206.720000) can0 100#10388E0300000000
(1717243206.740000) can0 100#20388F0300000000
(1717243206.757000) can0 300#8B024C0400000000
(1717243206.760000) can0 100#3038900300000000
(1717243206.780000) can0 100#4038910300000000
(1717243206.800000) can0 100#5038920300000000
(1717243206.803000) can0 200#E80D6602B7000000
(1717243206.807000) can0 300#8C024C0400000000
(1717243206.820000) can0 100#6038930300000000
(1717243206.840000) can0 100#7038940300000000
(1717243206.857000) can0 300#8D024C0400000000
(1717243206.860000) can0 100#8138950300000000
(1717243206.880000) can0 100#9138960300000000
(1717243206.900000) can0 100#A238970300000000
(1717243206.903000) can0 200#E80D6702B7000000
(1717243206.907000) can0 300#8E024C0400000000
(1717243206.920000) can0 100#B338990300000000
(1717243206.940000) can0 100#C4389A0300000000
(1717243206.957000) can0 300#90024C0400000000
(1717243206.960000) can0 100#D5389B0300000000
(1717243206.980000) can0 100#E6389C0300000000
(1717243207.000000) can0 100#F7389D0300000000
(1717243207.003000) can0 200#E80D6902B7000000
(1717243207.007000) can0 300#91024C0400000000
(1717243207.020000) can0 100#08399E0300000000
(1717243207.040000) can0 100#19399F0300000000
(1717243207.057000) can0 300#92024C0400000000
(1717243207.060000) can0 100#2B39A00300000000
(1717243207.080000) can0 100#3C39A10300000000
(1717243207.100000) can0 100#4E39A20300000000
(1717243207.103000) can0 200#E80D6B02B7000000
(1717243207.107000) can0 300#93024C0400000000
(1717243207.120000) can0 100#5F39A30300000000
(1717243207.140000) can0 100#7139A40300000000
(1717243207.157000) can0 300#95024C0400000000
(1717243207.160000) can0 100#8339A50300000000
(1717243207.180000) can0 100#9439A60300000000
(1717243207.200000) can0 100#A639A70300000000
(1717243207.203000) can0 200#E80D6D02B7000000
(1717243207.207000) can0 300#96024C0400000000
(1717243207.220000) can0 100#B839A80300000000
(1717243207.240000) can0 100#CA39A90300000000
(1717243207.257000) can0 300#97024C0400000000
(1717243207.260000) can0 100#DC39AA0300000000
(1717243207.280000) can0 100#EF39AA0300000000
(1717243207.300000) can0 100#013AAB0300000000
(1717243207.303000) can0 200#E80D7002B7000000
(1717243207.307000) can0 300#98024C0400000000
(1717243207.320000) can0 100#133AAC0300000000
(1717243207.340000) can0 100#253AAD0300000000
(1717243207.357000) can0 300#99024C0400000000
(1717243207.360000) can0 100#383AAE0300000000
(1717243207.380000) can0 100#4A3AAF0300000000
(1717243207.400000) can0 100#5D3AB00300000000
(1717243207.403000) can0 200#E80D7302B7000000
(1717243207.407000) can0 300#9B024C0400000000
(1717243207.420000) can0 100#6F3AB10300000000
(1717243207.440000) can0 100#823AB10300000000
(1717243207.457000) can0 300#9C024C0400000000
(1717243207.460000) can0 100#953AB20300000000
(1717243207.480000) can0 100#A83AB30300000000
(1717243207.500000) can0 100#BA3AB40300000000
(1717243207.503000) can0 200#E80D7602B7000000
(1717243207.507000) can0 300#9D024C0400000000
(1717243207.520000) can0 100#CD3AB50300000000
(1717243207.540000) can0 100#E03AB50300000000
(1717243207.557000) can0 300#9E024C0400000000
(1717243207.560000) can0 100#F33AB60300000000
(1717243207.580000) can0 100#063BB70300000000
(1717243207.600000) can0 100#193BB70300000000
(1717243207.603000) can0 200#E80D7902B7000000
(1717243207.607000) can0 300#9F024C0400000000
(1717243207.620000) can0 100#2C3BB80300000000
(1717243207.640000) can0 100#3F3BB90300000000
(1717243207.657000) can0 300#A0024C0400000000
(1717243207.660000) can0 100#523BB90300000000
(1717243207.680000) can0 100#653BBA0300000000
(1717243207.700000) can0 100#783BBB0300000000
(1717243207.703000) can0 200#E80D7C02B7000000
(1717243207.707000) can0 300#A2024C0400000000
(1717243207.720000) can0 100#8B3BBB0300000000
(1717243207.740000) can0 100#9E3BBC0300000000
(1717243207.757000) can0 300#A3024C0400000000
(1717243207.760000) can0 100#B23BBC0300000000
(1717243207.780000) can0 100#C53BBD0300000000
(1717243207.800000) can0 100#D83BBD0300000000
(1717243207.803000) can0 200#E80D8002B7000000
(1717243207.807000) can0 300#A4024C0400000000
(1717243207.820000) can0 100#EB3BBE0300000000
(1717243207.840000) can0 100#FE3BBE0300000000
(1717243207.857000) can0 300#A5024C0400000000
(1717243207.860000) can0 100#123CBF0300000000
(1717243207.880000) can0 100#253CBF0300000000
(1717243207.900000) can0 100#383CC00300000000
(1717243207.903000) can0 200#E80D8302B7000000
(1717243207.907000) can0 300#A6024C0400000000
(1717243207.920000) can0 100#4B3CC00300000000
(1717243207.940000) can0 100#5F3CC00300000000
(1717243207.957000) can0 300#A7024C0400000000
(1717243207.960000) can0 100#723CC10300000000
(1717243207.980000) can0 100#853CC10300000000
(1717243208.000000) can0 100#983CC10300000000
(1717243208.003000) can0 200#E80D8702B7000000
(1717243208.007000) can0 300#A8024C0400000000
(1717243208.020000) can0 100#AC3CC10300000000
(1717243208.040000) can0 100#BF3CC20300000000
(1717243208.057000) can0 300#A9024C0400000000
(1717243208.060000) can0 100#D23CC20300000000
(1717243208.080000) can0 100#E53CC20300000000
(1717243208.100000) can0 100#F93CC20300000000
(1717243208.103000) can0 200#E80D8B02B7000000
(1717243208.107000) can0 300#AB024C0400000000
(1717243208.120000) can0 100#0C3DC20300000000
(1717243208.140000) can0 100#1F3DC20300000000
(1717243208.157000) can0 300#AC024C0400000000
(1717243208.160000) can0 100#323DC20300000000
(1717243208.180000) can0 100#453DC20300000000
(1717243208.200000) can0 100#583DC20300000000
(1717243208.203000) can0 200#E80D8F02B7000000
(1717243208.207000) can0 300#AD024C0400000000
(1717243208.220000) can0 100#6B3DC20300000000
(1717243208.240000) can0 100#7E3DC20300000000
(1717243208.257000) can0 300#AE024C0400000000
(1717243208.260000) can0 100#913DC20300000000
(1717243208.280000) can0 100#A43DC20300000000
(1717243208.300000) can0 100#B73DC20300000000
(1717243208.303000) can0 200#E80D9302B7000000
(1717243208.307000) can0 300#AF024C0400000000
(1717243208.320000) can0 100#CA3DC20300000000
(1717243208.340000) can0 100#DC3DC20300000000
(1717243208.357000) can0 300#B0024C0400000000
(1717243208.360000) can0 100#EF3DC20300000000
(1717243208.380000) can0 100#023EC10300000000
(1717243208.400000) can0 100#143EC10300000000
(1717243208.403000) can0 200#E80D9702B7000000
(1717243208.407000) can0 300#B1024C0400000000
(1717243208.420000) can0 100#273EC10300000000
(1717243208.440000) can0 100#3A3EC00300000000
(1717243208.457000) can0 300#B2024C0400000000
(1717243208.460000) can0 100#4C3EC00300000000
(1717243208.480000) can0 100#5E3EC00300000000
(1717243208.500000) can0 100#713EBF0300000000
(1717243208.503000) can0 200#E80D9C02B7000000
(1717243208.507000) can0 300#B3024C0400000000
(1717243208.520000) can0 100#833EBF0300000000
(1717243208.540000) can0 100#953EBE0300000000
(1717243208.557000) can0 300#B4024C0400000000
(1717243208.560000) can0 100#A73EBE0300000000
(1717243208.580000) can0 100#B93EBD0300000000
(1717243208.600000) can0 100#CB3EBD0300000000
(1717243208.603000) can0 200#E80DA002B7000000
(1717243208.607000) can0 300#B5024C0400000000
(1717243208.620000) can0 100#DD3EBC0300000000
(1717243208.640000) can0 100#EF3EBC0300000000
(1717243208.657000) can0 300#B6024C0400000000
(1717243208.660000) can0 100#013FBB0300000000
(1717243208.680000) can0 100#133FBA0300000000
(1717243208.700000) can0 100#243FBA0300000000
(1717243208.703000) can0 200#E80DA402B7000000
(1717243208.707000) can0 300#B7024C0400000000
(1717243208.720000) can0 100#363FB90300000000
(1717243208.740000) can0 100#473FB80300000000
(1717243208.757000) can0 300#B8024C0400000000
(1717243208.760000) can0 100#593FB80300000000
(1717243208.780000) can0 100#6A3FB70300000000
(1717243208.800000) can0 100#7B3FB60300000000
(1717243208.803000) can0 200#E80DA802B7000000
(1717243208.807000) can0 300#B9024C0400000000
(1717243208.820000) can0 100#8C3FB50300000000
(1717243208.840000) can0 100#9D3FB40300000000
(1717243208.857000) can0 300#BA024C0400000000
(1717243208.860000) can0 100#AE3FB30300000000
(1717243208.880000) can0 100#BF3FB20300000000
(1717243208.900000) can0 100#CF3FB10300000000
(1717243208.903000) can0 200#E80DAC02B7000000
(1717243208.907000) can0 300#BB024C0400000000
(1717243208.920000) can0 100#E03FB00300000000
(1717243208.940000) can0 100#F03FAF0300000000
(1717243208.957000) can0 300#BC024C0400000000
(1717243208.960000) can0 100#0140AE0300000000
(1717243208.980000) can0 100#1140AD0300000000
(1717243209.000000) can0 100#2140AC0300000000
(1717243209.003000) can0 200#E80DB002B7000000
(1717243209.007000) can0 300#BD024C0400000000
(1717243209.020000) can0 100#3140AB0300000000
(1717243209.040000) can0 100#4140AA0300000000
(1717243209.057000) can0 300#BE024C0400000000
(1717243209.060000) can0 100#5040A90300000000
(1717243209.080000) can0 100#6040A70300000000
(1717243209.100000) can0 100#7040A60300000000
(1717243209.103000) can0 200#E80DB402B7000000
(1717243209.107000) can0 300#BF024C0400000000
(1717243209.120000) can0 100#7F40A50300000000
(1717243209.140000) can0 100#8E40A40300000000
(1717243209.157000) can0 300#C0024C0400000000
(1717243209.160000) can0 100#9D40A20300000000
(1717243209.180000) can0 100#AC40A10300000000
(1717243209.200000) can0 100#BB409F0300000000
(1717243209.203000) can0 200#E80DB802B7000000
(1717243209.207000) can0 300#C0024C0400000000
(1717243209.220000) can0 100#CA409E0300000000
(1717243209.240000) can0 100#D9409D0300000000
(1717243209.257000) can0 300#C1024C0400000000
(1717243209.260000) can0 100#E7409B0300000000
(1717243209.280000) can0 100#F6409A0300000000
(1717243209.300000) can0 100#0441980300000000
(1717243209.303000) can0 200#E80DBC02B7000000
(1717243209.307000) can0 300#C2024C0400000000
(1717243209.320000) can0 100#1241970300000000
(1717243209.340000) can0 100#2041950300000000
(1717243209.357000) can0 300#C3024C0400000000
(1717243209.360000) can0 100#2E41940300000000
(1717243209.380000) can0 100#3B41920300000000
(1717243209.400000) can0 100#4941900300000000
(1717243209.403000) can0 200#E80DC002B7000000
(1717243209.407000) can0 300#C4024C0400000000
(1717243209.420000) can0 100#56418F0300000000
(1717243209.440000) can0 100#63418D0300000000
(1717243209.457000) can0 300#C5024C0400000000
(1717243209.460000) can0 100#70418B0300000000
(1717243209.480000) can0 100#7D418A0300000000
(1717243209.500000) can0 100#8A41880300000000
(1717243209.503000) can0 200#E80DC302B7000000
(1717243209.507000) can0 300#C6024C0400000000
(1717243209.520000) can0 100#9741860300000000
(1717243209.540000) can0 100#A341840300000000
(1717243209.557000) can0 300#C7024C0400000000
(1717243209.560000) can0 100#AF41830300000000
(1717243209.580000) can0 100#BB41810300000000
(1717243209.600000) can0 100#C7417F0300000000
(1717243209.603000) can0 200#E80DC602B7000000
(1717243209.607000) can0 300#C7024C0400000000
(1717243209.620000) can0 100#D3417D0300000000
(1717243209.640000) can0 100#DF417B0300000000
(1717243209.657000) can0 300#C8024C0400000000
(1717243209.660000) can0 100#EA41790300000000
(1717243209.680000) can0 100#F641780300000000
(1717243209.700000) can0 100#0142760300000000
(1717243209.703000) can0 200#E80DC902B7000000
(1717243209.707000) can0 300#C9024C0400000000
(1717243209.720000) can0 100#0C42740300000000
(1717243209.740000) can0 100#1742720300000000
(1717243209.757000) can0 300#CA024C0400000000
(1717243209.760000) can0 100#2142700300000000
(1717243209.780000) can0 100#2C426E0300000000
(1717243209.800000) can0 100#36426C0300000000
(1717243209.803000) can0 200#E80DCC02B7000000
(1717243209.807000) can0 300#CB024C0400000000
(1717243209.820000) can0 100#41426A0300000000
(1717243209.840000) can0 100#4B42680300000000
(1717243209.857000) can0 300#CC024C0400000000
(1717243209.860000) can0 100#5442660300000000
(1717243209.880000) can0 100#5E42640300000000
(1717243209.900000) can0 100#6842620300000000
(1717243209.903000) can0 200#E80DCF02B7000000
(1717243209.907000) can0 300#CC024C0400000000
(1717243209.920000) can0 100#7142600300000000
(1717243209.940000) can0 100#7A425E0300000000
(1717243209.957000) can0 300#CD024C0400000000
(1717243209.960000) can0 100#83425B0300000000
(1717243209.980000) can0 100#8C42590300000000
(1717243210.000000) can0 100#9542570300000000
(1717243210.003000) can0 200#E80DD102B7000000
(1717243210.007000) can0 300#CE024C0400000000
(1717243210.020000) can0 100#9D42550300000000
(1717243210.040000) can0 100#A642530300000000
(1717243210.057000) can0 300#CF024C0400000000
(1717243210.060000) can0 100#AE42510300000000
(1717243210.080000) can0 100#B6424F0300000000
(1717243210.100000) can0 100#BE424C0300000000
(1717243210.103000) can0 200#E80DD302B7000000
(1717243210.107000) can0 300#CF024C0400000000
(1717243210.120000) can0 100#C5424A0300000000
(1717243210.140000) can0 100#CD42480300000000
(1717243210.157000) can0 300#D0024C0400000000
(1717243210.160000) can0 100#D442460300000000
(1717243210.180000) can0 100#DB42440300000000
(1717243210.200000) can0 100#E242410300000000
(1717243210.203000) can0 200#E80DD502B7000000
(1717243210.207000) can0 300#D1024C0400000000
(1717243210.220000) can0 100#E9423F0300000000
(1717243210.240000) can0 100#EF423D0300000000
(1717243210.257000) can0 300#D2024C0400000000
(1717243210.260000) can0 100#F6423B0300000000
(1717243210.280000) can0 100#FC42390300000000
(1717243210.300000) can0 100#0243360300000000
(1717243210.303000) can0 200#E80DD602B7000000
(1717243210.307000) can0 300#D2024C0400000000
(1717243210.320000) can0 100#0843340300000000
(1717243210.340000) can0 100#0E43320300000000
(1717243210.357000) can0 300#D3024C0400000000
(1717243210.360000) can0 100#1343300300000000
(1717243210.380000) can0 100#19432D0300000000
(1717243210.400000) can0 100#1E432B0300000000
(1717243210.403000) can0 200#E80DD702B7000000
(1717243210.407000) can0 300#D4024C0400000000
(1717243210.420000) can0 100#2343290300000000
(1717243210.440000) can0 100#2843270300000000
(1717243210.457000) can0 300#D5024C0400000000
(1717243210.460000) can0 100#2C43240300000000
(1717243210.480000) can0 100#3143220300000000
(1717243210.500000) can0 100#3543200300000000
(1717243210.503000) can0 200#E80DD802B7000000
(1717243210.507000) can0 300#D5024C0400000000
(1717243210.520000) can0 100#39431E0300000000
(1717243210.540000) can0 100#3D431B0300000000
(1717243210.557000) can0 300#D6024C0400000000
(1717243210.560000) can0 100#4143190300000000
(1717243210.580000) can0 100#4543170300000000
(1717243210.600000) can0 100#4843150300000000
(1717243210.603000) can0 200#E80DD902B7000000
(1717243210.607000) can0 300#D7024C0400000000
(1717243210.620000) can0 100#4C43120300000000
(1717243210.640000) can0 100#4F43100300000000
(1717243210.657000) can0 300#D7024C0400000000
(1717243210.660000) can0 100#52430E0300000000
(1717243210.680000) can0 100#55430C0300000000
(1717243210.700000) can0 100#57430A0300000000
(1717243210.703000) can0 200#E80DD902B7000000
(1717243210.707000) can0 300#D8024C0400000000
(1717243210.720000) can0 100#5A43070300000000
(1717243210.740000) can0 100#5C43050300000000
(1717243210.757000) can0 300#D9024C0400000000
(1717243210.760000) can0 100#5E43030300000000
(1717243210.780000) can0 100#6043010300000000
(1717243210.800000) can0 100#6243FF0200000000
(1717243210.803000) can0 200#E80DD902B7000000
(1717243210.807000) can0 300#D9024C0400000000
(1717243210.820000) can0 100#6443FC0200000000
(1717243210.840000) can0 100#6543FA0200000000
(1717243210.857000) can0 300#DA024C0400000000
(1717243210.860000) can0 100#6743F80200000000
(1717243210.880000) can0 100#6843F60200000000
(1717243210.900000) can0 100#6943F40200000000
(1717243210.903000) can0 200#E70DD802B7000000
(1717243210.907000) can0 300#DA024C0400000000
(1717243210.920000) can0 100#6A43F20200000000
(1717243210.940000) can0 100#6A43F00200000000
(1717243210.957000) can0 300#DB024C0400000000
(1717243210.960000) can0 100#6B43EE0200000000
(1717243210.980000) can0 100#6B43EB0200000000
(1717243211.000000) can0 100#6C43E90200000000
(1717243211.003000) can0 200#E70DD702B7000000
(1717243211.007000) can0 300#DC024C0400000000
(1717243211.020000) can0 100#6C43E70200000000
(1717243211.040000) can0 100#6C43E50200000000
(1717243211.057000) can0 300#DC024C0400000000
(1717243211.060000) can0 100#6C43E30200000000
(1717243211.080000) can0 100#6B43E10200000000
(1717243211.100000) can0 100#6B43DF0200000000
(1717243211.103000) can0 200#E70DD602B7000000
(1717243211.107000) can0 300#DD024C0400000000
(1717243211.120000) can0 100#6A43DD0200000000
(1717243211.140000) can0 100#6943DB0200000000
(1717243211.157000) can0 300#DD024C0400000000
(1717243211.160000) can0 100#6843D90200000000
(1717243211.180000) can0 100#6743D70200000000
(1717243211.200000) can0 100#6643D50200000000
(1717243211.203000) can0 200#E70DD402B7000000
(1717243211.207000) can0 300#DE024C0400000000
(1717243211.220000) can0 100#6543D40200000000
(1717243211.240000) can0 100#6443D20200000000
(1717243211.257000) can0 300#DE024C0400000000
(1717243211.260000) can0 100#6243D00200000000
(1717243211.280000) can0 100#6043CE0200000000
(1717243211.300000) can0 100#5E43CC0200000000
(1717243211.303000) can0 200#E70DD202B7000000
(1717243211.307000) can0 300#DF024C0400000000
(1717243211.320000) can0 100#5C43CA0200000000
(1717243211.340000) can0 100#5A43C90200000000
(1717243211.357000) can0 300#E0024C0400000000
(1717243211.360000) can0 100#5843C70200000000
(1717243211.380000) can0 100#5643C50200000000
(1717243211.400000) can0 100#5343C30200000000
(1717243211.403000) can0 200#E70DD002B7000000
(1717243211.407000) can0 300#E0024C0400000000
(1717243211.420000) can0 100#5143C20200000000
(1717243211.440000) can0 100#4E43C00200000000
(1717243211.457000) can0 300#E1024C0400000000
(1717243211.460000) can0 100#4B43BE0200000000
(1717243211.480000) can0 100#4843BC0200000000
(1717243211.500000) can0 100#4543BB0200000000
(1717243211.503000) can0 200#E70DCD02B7000000
(1717243211.507000) can0 300#E1024C0400000000
(1717243211.520000) can0 100#4243B90200000000
(1717243211.540000) can0 100#3F43B80200000000
(1717243211.557000) can0 300#E2024C0400000000
(1717243211.560000) can0 100#3B43B60200000000
(1717243211.580000) can0 100#3843B40200000000
(1717243211.600000) can0 100#3443B30200000000
(1717243211.603000) can0 200#E70DCB02B7000000
(1717243211.607000) can0 300#E2024C0400000000
(1717243211.620000) can0 100#3143B10200000000
(1717243211.640000) can0 100#2D43B00200000000
(1717243211.657000) can0 300#E3024C0400000000
(1717243211.660000) can0 100#2943AF0200000000
(1717243211.680000) can0 100#2543AD0200000000
(1717243211.700000) can0 100#2143AC0200000000
(1717243211.703000) can0 200#E70DC702B7000000
(1717243211.707000) can0 300#E3024C0400000000
(1717243211.720000) can0 100#1D43AA0200000000
(1717243211.740000) can0 100#1843A90200000000
(1717243211.757000) can0 300#E4024C0400000000
(1717243211.760000) can0 100#1443A80200000000
(1717243211.780000) can0 100#1043A60200000000
(1717243211.800000) can0 100#0B43A50200000000
(1717243211.803000) can0 200#E70DC402B7000000
(1717243211.807000) can0 300#E4024C0400000000
(1717243211.820000) can0 100#0743A40200000000
(1717243211.840000) can0 100#0243A20200000000
(1717243211.857000) can0 300#E4024C0400000000
(1717243211.860000) can0 100#FD42A10200000000
(1717243211.880000) can0 100#F842A00200000000
(1717243211.900000) can0 100#F3429F0200000000
(1717243211.903000) can0 200#E70DC002B7000000
(1717243211.907000) can0 300#E5024C0400000000
(1717243211.920000) can0 100#EE429E0200000000
(1717243211.940000) can0 100#E9429D0200000000
(1717243211.957000) can0 300#E5024C0400000000
(1717243211.960000) can0 100#E4429B0200000000
(1717243211.980000) can0 100#DF429A0200000000
(1717243212.000000) can0 100#DA42990200000000
(1717243212.003000) can0 200#E70DBC02B7000000
(1717243212.007000) can0 300#E6024C0400000000
(1717243212.020000) can0 100#D442980200000000
(1717243212.040000) can0 100#CF42970200000000
(1717243212.057000) can0 300#E6024C0400000000
(1717243212.060000) can0 100#C942960200000000
(1717243212.080000) can0 100#C442950200000000
(1717243212.100000) can0 100#BE42940200000000
(1717243212.103000) can0 200#E60DB702B7000000
(1717243212.107000) can0 300#E6024C0400000000
(1717243212.120000) can0 100#B942940200000000
(1717243212.140000) can0 100#B342930200000000
(1717243212.157000) can0 300#E7024C0400000000
(1717243212.160000) can0 100#AD42920200000000
(1717243212.180000) can0 100#A842910200000000
(1717243212.200000) can0 100#A242900200000000
(1717243212.203000) can0 200#E60DB302B7000000
(1717243212.207000) can0 300#E7024C0400000000
(1717243212.220000) can0 100#9C428F0200000000
(1717243212.240000) can0 100#96428F0200000000
(1717243212.257000) can0 300#E8024C0400000000
(1717243212.260000) can0 100#90428E0200000000
(1717243212.280000) can0 100#8A428D0200000000
(1717243212.300000) can0 100#84428D0200000000
(1717243212.303000) can0 200#E60DAE02B7000000
(1717243212.307000) can0 300#E8024C0400000000
(1717243212.320000) can0 100#7E428C0200000000
(1717243212.340000) can0 100#78428B0200000000
(1717243212.357000) can0 300#E8024C0400000000
(1717243212.360000) can0 100#72428B0200000000
(1717243212.380000) can0 100#6C428A0200000000
(1717243212.400000) can0 100#66428A0200000000
(1717243212.403000) can0 200#E60DA902B7000000
(1717243212.407000) can0 300#E9024C0400000000
(1717243212.420000) can0 100#6042890200000000
(1717243212.440000) can0 100#5A42890200000000
(1717243212.457000) can0 300#E9024C0400000000
(1717243212.460000) can0 100#5442880200000000
(1717243212.480000) can0 100#4E42880200000000
(1717243212.500000) can0 100#4842870200000000
(1717243212.503000) can0 200#E60DA302B7000000
(1717243212.507000) can0 300#E9024C0400000000
(1717243212.520000) can0 100#4142870200000000
(1717243212.540000) can0 100#3B42870200000000
(1717243212.557000) can0 300#EA024C0400000000
(1717243212.560000) can0 100#3542860200000000
(1717243212.580000) can0 100#2F42860200000000
(1717243212.600000) can0 100#2942860200000000
(1717243212.603000) can0 200#E60D9E02B7000000
(1717243212.607000) can0 300#EA024C0400000000
(1717243212.620000) can0 100#2242850200000000
(1717243212.640000) can0 100#1C42850200000000
(1717243212.657000) can0 300#EA024C0400000000
(1717243212.660000) can0 100#1642850200000000
(1717243212.680000) can0 100#1042850200000000
(1717243212.700000) can0 100#0A42840200000000
(1717243212.703000) can0 200#E60D9802B7000000
(1717243212.707000) can0 300#EA024C0400000000
(1717243212.720000) can0 100#0442840200000000
(1717243212.740000) can0 100#FE41840200000000
(1717243212.757000) can0 300#EB024C0400000000
(1717243212.760000) can0 100#F741840200000000
(1717243212.780000) can0 100#F141840200000000
(1717243212.800000) can0 100#EB41840200000000
(1717243212.803000) can0 200#E60D9202B7000000
(1717243212.807000) can0 300#EB024C0400000000
(1717243212.820000) can0 100#E541840200000000
(1717243212.840000) can0 100#DF41840200000000
(1717243212.857000) can0 300#EB024C0400000000
(1717243212.860000) can0 100#D941830200000000
(1717243212.880000) can0 100#D341830200000000
(1717243212.900000) can0 100#CD41830200000000
(1717243212.903000) can0 200#E50D8C02B7000000
(1717243212.907000) can0 300#EC024C0400000000
(1717243212.920000) can0 100#C741840200000000
(1717243212.940000) can0 100#C241840200000000
(1717243212.957000) can0 300#EC024C0400000000
(1717243212.960000) can0 100#BC41840200000000
(1717243212.980000) can0 100#B641840200000000
(1717243213.000000) can0 100#B041840200000000
(1717243213.003000) can0 200#E50D8602B7000000
(1717243213.007000) can0 300#EC024C0400000000
(1717243213.020000) can0 100#AA41840200000000
(1717243213.040000) can0 100#A541840200000000
(1717243213.057000) can0 300#EC024C0400000000
(1717243213.060000) can0 100#9F41840200000000
(1717243213.080000) can0 100#9A41840200000000
(1717243213.100000) can0 100#9441850200000000
(1717243213.103000) can0 200#E50D8002B7000000
(1717243213.107000) can0 300#EC024C0400000000
(1717243213.120000) can0 100#8F41850200000000
(1717243213.140000) can0 100#8941850200000000
(1717243213.157000) can0 300#ED024C0400000000
(1717243213.160000) can0 100#8441850200000000
(1717243213.180000) can0 100#7F41850200000000
(1717243213.200000) can0 100#7941860200000000
(1717243213.203000) can0 200#E50D7A02B7000000
(1717243213.207000) can0 300#ED024C0400000000
(1717243213.220000) can0 100#7441860200000000
(1717243213.240000) can0 100#6F41860200000000
(1717243213.257000) can0 300#ED024C0400000000
(1717243213.260000) can0 100#6A41860200000000
(1717243213.280000) can0 100#6541870200000000
(1717243213.300000) can0 100#6041870200000000
(1717243213.303000) can0 200#E50D7402B7000000
(1717243213.307000) can0 300#ED024C0400000000
(1717243213.320000) can0 100#5B41870200000000
(1717243213.340000) can0 100#5641880200000000
(1717243213.357000) can0 300#ED024C0400000000
(1717243213.360000) can0 100#5241880200000000
(1717243213.380000) can0 100#4D41880200000000
(1717243213.400000) can0 100#4841890200000000
(1717243213.403000) can0 200#E50D6D02B7000000
(1717243213.407000) can0 300#ED024C0400000000
(1717243213.420000) can0 100#4441890200000000
(1717243213.440000) can0 100#3F418A0200000000
(1717243213.457000) can0 300#EE024C0400000000
(1717243213.460000) can0 100#3B418A0200000000
(1717243213.480000) can0 100#37418A0200000000
(1717243213.500000) can0 100#33418B0200000000
(1717243213.503000) can0 200#E50D6702B7000000
(1717243213.507000) can0 300#EE024C0400000000
(1717243213.520000) can0 100#2E418B0200000000
(1717243213.540000) can0 100#2A418C0200000000
(1717243213.557000) can0 300#EE024C0400000000
(1717243213.560000) can0 100#26418C0200000000
(1717243213.580000) can0 100#23418D0200000000
(1717243213.600000) can0 100#1F418D0200000000
(1717243213.603000) can0 200#E40D6102B7000000
(1717243213.607000) can0 300#EE024C0400000000
(1717243213.620000) can0 100#1B418D0200000000
(1717243213.640000) can0 100#17418E0200000000
(1717243213.657000) can0 300#EE024C0400000000
(1717243213.660000) can0 100#14418E0200000000
(1717243213.680000) can0 100#10418F0200000000
(1717243213.700000) can0 100#0D418F0200000000
(1717243213.703000) can0 200#E40D5B02B7000000
(1717243213.707000) can0 300#EE024C0400000000
(1717243213.720000) can0 100#0A41900200000000
(1717243213.740000) can0 100#0741900200000000
(1717243213.757000) can0 300#EE024C0400000000
(1717243213.760000) can0 100#0441910200000000
(1717243213.780000) can0 100#0141910200000000
(1717243213.800000) can0 100#FE40920200000000
(1717243213.803000) can0 200#E40D5502B7000000
(1717243213.807000) can0 300#EE024C0400000000
(1717243213.820000) can0 100#FB40920200000000
(1717243213.840000) can0 100#F840930200000000
(1717243213.857000) can0 300#EE024C0400000000
(1717243213.860000) can0 100#F640930200000000
(1717243213.880000) can0 100#F340930200000000
(1717243213.900000) can0 100#F140940200000000
(1717243213.903000) can0 200#E40D4F02B7000000
(1717243213.907000) can0 300#EE024C0400000000
(1717243213.920000) can0 100#EF40940200000000
(1717243213.940000) can0 100#EC40950200000000
(1717243213.957000) can0 300#EE024C0400000000
(1717243213.960000) can0 100#EA40950200000000
(1717243213.980000) can0 100#E840960200000000
(1717243214.000000) can0 100#E640960200000000
(1717243214.003000) can0 200#E40D4902B7000000
(1717243214.007000) can0 300#EE024C0400000000
(1717243214.020000) can0 100#E540970200000000
(1717243214.040000) can0 100#E340970200000000
(1717243214.057000) can0 300#EE024C0400000000
(1717243214.060000) can0 100#E140980200000000
(1717243214.080000) can0 100#E040980200000000
(1717243214.100000) can0 100#DF40980200000000
(1717243214.103000) can0 200#E40D4302B7000000
(1717243214.107000) can0 300#EE024C0400000000
(1717243214.120000) can0 100#DD40990200000000
(1717243214.140000) can0 100#DC40990200000000
(1717243214.157000) can0 300#EE024C0400000000
(1717243214.160000) can0 100#DB409A0200000000
(1717243214.180000) can0 100#DA409A0200000000
(1717243214.200000) can0 100#D9409A0200000000
(1717243214.203000) can0 200#E40D3E02B7000000
(1717243214.207000) can0 300#EE024C0400000000
(1717243214.220000) can0 100#D9409B0200000000
(1717243214.240000) can0 100#D8409B0200000000
(1717243214.257000) can0 300#EE024C0400000000
(1717243214.260000) can0 100#D8409B0200000000
(1717243214.280000) can0 100#D7409C0200000000
(1717243214.300000) can0 100#D7409C0200000000
(1717243214.303000) can0 200#E30D3802B7000000
(1717243214.307000) can0 300#EE024C0400000000
(1717243214.320000) can0 100#D7409C0200000000
(1717243214.340000) can0 100#D7409D0200000000
(1717243214.357000) can0 300#EE024C0400000000
(1717243214.360000) can0 100#D7409D0200000000
(1717243214.380000) can0 100#D7409D0200000000
(1717243214.400000) can0 100#D7409E0200000000
(1717243214.403000) can0 200#E30D3302B7000000
(1717243214.407000) can0 300#EE024C0400000000
(1717243214.420000) can0 100#D7409E0200000000
(1717243214.440000) can0 100#D8409E0200000000
(1717243214.457000) can0 300#EE024C0400000000
(1717243214.460000) can0 100#D8409E0200000000
(1717243214.480000) can0 100#D9409F0200000000
(1717243214.500000) can0 100#DA409F0200000000
(1717243214.503000) can0 200#E30D2E02B7000000
(1717243214.507000) can0 300#EE024C0400000000
(1717243214.520000) can0 100#DB409F0200000000
(1717243214.540000) can0 100#DB409F0200000000
(1717243214.557000) can0 300#EE024C0400000000
(1717243214.560000) can0 100#DD409F0200000000
(1717243214.580000) can0 100#DE409F0200000000
(1717243214.600000) can0 100#DF409F0200000000
(1717243214.603000) can0 200#E30D2902B7000000
(1717243214.607000) can0 300#EE024C0400000000
(1717243214.620000) can0 100#E040A00200000000
(1717243214.640000) can0 100#E240A00200000000
(1717243214.657000) can0 300#EE024C0400000000
(1717243214.660000) can0 100#E340A00200000000
(1717243214.680000) can0 100#E540A00200000000
(1717243214.700000) can0 100#E740A00200000000
(1717243214.703000) can0 200#E30D2502B7000000
(1717243214.707000) can0 300#EE024C0400000000
(1717243214.720000) can0 100#E940A00200000000
(1717243214.740000) can0 100#EB40A00200000000
(1717243214.757000) can0 300#EE024C0400000000
(1717243214.760000) can0 100#ED40A00200000000
(1717243214.780000) can0 100#EF40A00200000000
(1717243214.800000) can0 100#F140A00200000000
(1717243214.803000) can0 200#E30D2002B7000000
(1717243214.807000) can0 300#EE024C0400000000
(1717243214.820000) can0 100#F440A00200000000
(1717243214.840000) can0 100#F6409F0200000000
(1717243214.857000) can0 300#ED024C0400000000
(1717243214.860000) can0 100#F9409F0200000000
(1717243214.880000) can0 100#FB409F0200000000
(1717243214.900000) can0 100#FE409F0200000000
(1717243214.903000) can0 200#E20D1C02B7000000
(1717243214.907000) can0 300#ED024C0400000000
(1717243214.920000) can0 100#01419F0200000000
(1717243214.940000) can0 100#04419F0200000000
(1717243214.957000) can0 300#ED024C0400000000
(1717243214.960000) can0 100#07419E0200000000
(1717243214.980000) can0 100#0A419E0200000000
(1717243215.000000) can0 100#0D419E0200000000
(1717243215.003000) can0 200#E20D1802B6000000
(1717243215.007000) can0 300#ED024C0400000000
(1717243215.020000) can0 100#10419D0200000000
(1717243215.040000) can0 100#14419D0200000000
(1717243215.057000) can0 300#ED024C0400000000
(1717243215.060000) can0 100#17419D0200000000
(1717243215.080000) can0 100#1B419C0200000000
(1717243215.100000) can0 100#1E419C0200000000
(1717243215.103000) can0 200#E20D1502B6000000
(1717243215.107000) can0 300#ED024C0400000000
(1717243215.120000) can0 100#22419B0200000000
(1717243215.140000) can0 100#26419B0200000000
(1717243215.157000) can0 300#EC024C0400000000
(1717243215.160000) can0 100#2A419B0200000000
(1717243215.180000) can0 100#2E419A0200000000
(1717243215.200000) can0 100#32419A0200000000
(1717243215.203000) can0 200#E20D1202B6000000
(1717243215.207000) can0 300#EC024C0400000000
(1717243215.220000) can0 100#3641990200000000
(1717243215.240000) can0 100#3A41980200000000
(1717243215.257000) can0 300#EC024C0400000000
(1717243215.260000) can0 100#3E41980200000000
(1717243215.280000) can0 100#4241970200000000
(1717243215.300000) can0 100#4741960200000000
(1717243215.303000) can0 200#E20D0F02B6000000
(1717243215.307000) can0 300#EC024C0400000000
(1717243215.320000) can0 100#4B41960200000000
(1717243215.340000) can0 100#5041950200000000
(1717243215.357000) can0 300#EC024C0400000000
(1717243215.360000) can0 100#5441940200000000
(1717243215.380000) can0 100#5941940200000000
(1717243215.400000) can0 100#5E41930200000000
(1717243215.403000) can0 200#E10D0C02B6000000
(1717243215.407000) can0 300#EB024C0400000000
(1717243215.420000) can0 100#6241920200000000
(1717243215.440000) can0 100#6741910200000000
(1717243215.457000) can0 300#EB024C0400000000
(1717243215.460000) can0 100#6C41900200000000
(1717243215.480000) can0 100#71418F0200000000
(1717243215.500000) can0 100#76418E0200000000
(1717243215.503000) can0 200#E10D0902B6000000
(1717243215.507000) can0 300#EB024C0400000000
(1717243215.520000) can0 100#7B418E0200000000
(1717243215.540000) can0 100#80418D0200000000
(1717243215.557000) can0 300#EB024C0400000000
(1717243215.560000) can0 100#85418C0200000000
(1717243215.580000) can0 100#8A418B0200000000
(1717243215.600000) can0 100#8F418A0200000000
(1717243215.603000) can0 200#E10D0702B6000000
(1717243215.607000) can0 300#EA024C0400000000
(1717243215.620000) can0 100#9441880200000000
(1717243215.640000) can0 100#9A41870200000000
(1717243215.657000) can0 300#EA024C0400000000
(1717243215.660000) can0 100#9F41860200000000
(1717243215.680000) can0 100#A441850200000000
(1717243215.700000) can0 100#AA41840200000000
(1717243215.703000) can0 200#E10D0502B6000000
(1717243215.707000) can0 300#EA024C0400000000
(1717243215.720000) can0 100#AF41830200000000
(1717243215.740000) can0 100#B441810200000000
(1717243215.757000) can0 300#E9024C0400000000
(1717243215.760000) can0 100#BA41800200000000
(1717243215.780000) can0 100#BF417F0200000000
(1717243215.800000) can0 100#C5417E0200000000
(1717243215.803000) can0 200#E10D0402B6000000
(1717243215.807000) can0 300#E9024C0400000000
(1717243215.820000) can0 100#CA417C0200000000
(1717243215.840000) can0 100#D0417B0200000000
(1717243215.857000) can0 300#E9024C0400000000
(1717243215.860000) can0 100#D6417A0200000000
(1717243215.880000) can0 100#DB41780200000000
(1717243215.900000) can0 100#E141770200000000
(1717243215.903000) can0 200#E00D0202B6000000
(1717243215.907000) can0 300#E8024C0400000000
(1717243215.920000) can0 100#E641750200000000
(1717243215.940000) can0 100#EC41740200000000
(1717243215.957000) can0 300#E8024C0400000000
(1717243215.960000) can0 100#F241720200000000
(1717243215.980000) can0 100#F741710200000000
(1717243216.000000) can0 100#FD416F0200000000
(1717243216.003000) can0 200#E00D0102B6000000
(1717243216.007000) can0 300#E8024C0400000000
(1717243216.020000) can0 100#02426E0200000000
(1717243216.040000) can0 100#08426C0200000000
(1717243216.057000) can0 300#E7024C0400000000
(1717243216.060000) can0 100#0E426A0200000000
(1717243216.080000) can0 100#1342690200000000
(1717243216.100000) can0 100#1942670200000000
(1717243216.103000) can0 200#E00D0002B6000000
(1717243216.107000) can0 300#E7024C0400000000
(1717243216.120000) can0 100#1F42650200000000
(1717243216.140000) can0 100#2442640200000000
(1717243216.157000) can0 300#E7024C0400000000
(1717243216.160000) can0 100#2A42620200000000
(1717243216.180000) can0 100#2F42600200000000
(1717243216.200000) can0 100#35425E0200000000
(1717243216.203000) can0 200#E00D0002B6000000
(1717243216.207000) can0 300#E6024C0400000000
(1717243216.220000) can0 100#3A425D0200000000
(1717243216.240000) can0 100#40425B0200000000
(1717243216.257000) can0 300#E6024C0400000000
(1717243216.260000) can0 100#4542590200000000
(1717243216.280000) can0 100#4B42570200000000
(1717243216.300000) can0 100#5042550200000000
(1717243216.303000) can0 200#E00DFF01B6000000
(1717243216.307000) can0 300#E5024C0400000000
(1717243216.320000) can0 100#5642530200000000
(1717243216.340000) can0 100#5B42510200000000
(1717243216.357000) can0 300#E5024C0400000000
(1717243216.360000) can0 100#60424F0200000000
(1717243216.380000) can0 100#66424D0200000000
(1717243216.400000) can0 100#6B424B0200000000
(1717243216.403000) can0 200#DF0DFF01B6000000
(1717243216.407000) can0 300#E4024C0400000000
(1717243216.420000) can0 100#7042490200000000
(1717243216.440000) can0 100#7542470200000000
(1717243216.457000) can0 300#E4024C0400000000
(1717243216.460000) can0 100#7B42450200000000
(1717243216.480000) can0 100#8042430200000000
(1717243216.500000) can0 100#8542410200000000
(1717243216.503000) can0 200#DF0DFF01B6000000
(1717243216.507000) can0 300#E4024C0400000000
(1717243216.520000) can0 100#8A423F0200000000
(1717243216.540000) can0 100#8F423D0200000000
(1717243216.557000) can0 300#E3024C0400000000
(1717243216.560000) can0 100#93423B0200000000
(1717243216.580000) can0 100#9842390200000000
(1717243216.600000) can0 100#9D42370200000000
(1717243216.603000) can0 200#DF0DFF01B6000000
(1717243216.607000) can0 300#E3024C0400000000
(1717243216.620000) can0 100#A242340200000000
(1717243216.640000) can0 100#A642320200000000
(1717243216.657000) can0 300#E2024C0400000000
(1717243216.660000) can0 100#AB42300200000000
(1717243216.680000) can0 100#AF422E0200000000
(1717243216.700000) can0 100#B4422C0200000000
(1717243216.703000) can0 200#DF0D0002B6000000
(1717243216.707000) can0 300#E2024C0400000000
(1717243216.720000) can0 100#B842290200000000
(1717243216.740000) can0 100#BC42270200000000
(1717243216.757000) can0 300#E1024C0400000000
(1717243216.760000) can0 100#C142250200000000
(1717243216.780000) can0 100#C542230200000000
(1717243216.800000) can0 100#C942200200000000
(1717243216.803000) can0 200#DF0D0002B6000000
(1717243216.807000) can0 300#E1024C0400000000
(1717243216.820000) can0 100#CD421E0200000000
(1717243216.840000) can0 100#D0421C0200000000
(1717243216.857000) can0 300#E0024C0400000000
(1717243216.860000) can0 100#D442190200000000
(1717243216.880000) can0 100#D842170200000000
(1717243216.900000) can0 100#DC42150200000000
(1717243216.903000) can0 200#DE0D0102B6000000
(1717243216.907000) can0 300#E0024C0400000000
(1717243216.920000) can0 100#DF42120200000000
(1717243216.940000) can0 100#E242100200000000
(1717243216.957000) can0 300#DF024C0400000000
(1717243216.960000) can0 100#E6420E0200000000
(1717243216.980000) can0 100#E9420B0200000000
(1717243217.000000) can0 100#EC42090200000000
(1717243217.003000) can0 200#DE0D0202B6000000
(1717243217.007000) can0 300#DF024C0400000000
(1717243217.020000) can0 100#EF42070200000000
(1717243217.040000) can0 100#F242040200000000
(1717243217.057000) can0 300#DE024C0400000000
(1717243217.060000) can0 100#F542020200000000
(1717243217.080000) can0 100#F742FF0100000000
(1717243217.100000) can0 100#FA42FD0100000000
(1717243217.103000) can0 200#DE0D0302B6000000
(1717243217.107000) can0 300#DD024C0400000000
(1717243217.120000) can0 100#FC42FB0100000000
(1717243217.140000) can0 100#FF42F80100000000
(1717243217.157000) can0 300#DD024C0400000000
(1717243217.160000) can0 100#0143F60100000000
(1717243217.180000) can0 100#0343F40100000000
(1717243217.200000) can0 100#0543F10100000000
(1717243217.203000) can0 200#DE0D0402B6000000
(1717243217.207000) can0 300#DC024C0400000000
(1717243217.220000) can0 100#0743EF0100000000
(1717243217.240000) can0 100#0943EC0100000000
(1717243217.257000) can0 300#DC024C0400000000
(1717243217.260000) can0 100#0A43EA0100000000
(1717243217.280000) can0 100#0C43E70100000000
(1717243217.300000) can0 100#0D43E50100000000
(1717243217.303000) can0 200#DE0D0502B6000000
(1717243217.307000) can0 300#DB024C0400000000
(1717243217.320000) can0 100#0E43E30100000000
(1717243217.340000) can0 100#0F43E00100000000
(1717243217.357000) can0 300#DB024C0400000000
(1717243217.360000) can0 100#1043DE0100000000
(1717243217.380000) can0 100#1143DC0100000000
(1717243217.400000) can0 100#1243D90100000000
(1717243217.403000) can0 200#DD0D0602B6000000
(1717243217.407000) can0 300#DA024C0400000000
(1717243217.420000) can0 100#1343D70100000000
(1717243217.440000) can0 100#1343D40100000000
(1717243217.457000) can0 300#D9024C0400000000
(1717243217.460000) can0 100#1343D20100000000
(1717243217.480000) can0 100#1343D00100000000
(1717243217.500000) can0 100#1343CD0100000000
(1717243217.503000) can0 200#DD0D0702B6000000
(1717243217.507000) can0 300#D9024C0400000000
(1717243217.520000) can0 100#1343CB0100000000
(1717243217.540000) can0 100#1343C90100000000
(1717243217.557000) can0 300#D8024C0400000000
(1717243217.560000) can0 100#1343C60100000000
(1717243217.580000) can0 100#1243C40100000000
(1717243217.600000) can0 100#1143C20100000000
(1717243217.603000) can0 200#DD0D0802B6000000
(1717243217.607000) can0 300#D7024C0400000000
(1717243217.620000) can0 100#1043BF0100000000
(1717243217.640000) can0 100#0F43BD0100000000
(1717243217.657000) can0 300#D7024C0400000000
(1717243217.660000) can0 100#0E43BB0100000000
(1717243217.680000) can0 100#0D43B80100000000
(1717243217.700000) can0 100#0B43B60100000000
(1717243217.703000) can0 200#DD0D0902B6000000
(1717243217.707000) can0 300#D6024C0400000000
(1717243217.720000) can0 100#0A43B40100000000
(1717243217.740000) can0 100#0843B10100000000
(1717243217.757000) can0 300#D5024C0400000000
(1717243217.760000) can0 100#0643AF0100000000
(1717243217.780000) can0 100#0443AD0100000000
(1717243217.800000) can0 100#0243AB0100000000
(1717243217.803000) can0 200#DD0D0A02B6000000
(1717243217.807000) can0 300#D5024C0400000000
(1717243217.820000) can0 100#FF42A90100000000
(1717243217.840000) can0 100#FC42A60100000000
(1717243217.857000) can0 300#D4024C0400000000
(1717243217.860000) can0 100#FA42A40100000000
(1717243217.880000) can0 100#F742A20100000000
(1717243217.900000) can0 100#F442A00100000000
(1717243217.903000) can0 200#DC0D0B02B6000000
(1717243217.907000) can0 300#D3024C0400000000
(1717243217.920000) can0 100#F0429E0100000000
(1717243217.940000) can0 100#ED429C0100000000
(1717243217.957000) can0 300#D3024C0400000000
(1717243217.960000) can0 100#E9429A0100000000
(1717243217.980000) can0 100#E642970100000000
(1717243218.000000) can0 100#E242950100000000
(1717243218.003000) can0 200#DC0D0C02B6000000
(1717243218.007000) can0 300#D2024C0400000000
(1717243218.020000) can0 100#DE42930100000000
(1717243218.040000) can0 100#D942910100000000
(1717243218.057000) can0 300#D1024C0400000000
(1717243218.060000) can0 100#D5428F0100000000
(1717243218.080000) can0 100#D0428D0100000000
(1717243218.100000) can0 100#CC428B0100000000
(1717243218.103000) can0 200#DC0D0D02B6000000
(1717243218.107000) can0 300#D0024C0400000000
(1717243218.120000) can0 100#C742890100000000
(1717243218.140000) can0 100#C142870100000000
(1717243218.157000) can0 300#D0024C0400000000
(1717243218.160000) can0 100#BC42850100000000
(1717243218.180000) can0 100#B742840100000000
(1717243218.200000) can0 100#B142820100000000
(1717243218.203000) can0 200#DC0D0E02B6000000
(1717243218.207000) can0 300#CF024C0400000000
(1717243218.220000) can0 100#AB42800100000000
(1717243218.240000) can0 100#A5427E0100000000
(1717243218.257000) can0 300#CE024C0400000000
(1717243218.260000) can0 100#9F427C0100000000
(1717243218.280000) can0 100#99427A0100000000
(1717243218.300000) can0 100#9242790100000000
(1717243218.303000) can0 200#DB0D0E02B6000000
(1717243218.307000) can0 300#CD024C0400000000
(1717243218.320000) can0 100#8C42770100000000
(1717243218.340000) can0 100#8542750100000000
(1717243218.357000) can0 300#CD024C0400000000
(1717243218.360000) can0 100#7E42730100000000
(1717243218.380000) can0 100#7742720100000000
(1717243218.400000) can0 100#6F42700100000000
(1717243218.403000) can0 200#DB0D0F02B6000000
(1717243218.407000) can0 300#CC024C0400000000
(1717243218.420000) can0 100#68426E0100000000
(1717243218.440000) can0 100#60426D0100000000
(1717243218.457000) can0 300#CB024C0400000000
(1717243218.460000) can0 100#58426B0100000000
(1717243218.480000) can0 100#50426A0100000000
(1717243218.500000) can0 100#4842680100000000
(1717243218.503000) can0 200#DB0D0F02B6000000
(1717243218.507000) can0 300#CA024C0400000000
(1717243218.520000) can0 100#3F42670100000000
(1717243218.540000) can0 100#3742650100000000
(1717243218.557000) can0 300#C9024C0400000000
(1717243218.560000) can0 100#2E42640100000000
(1717243218.580000) can0 100#2542620100000000
(1717243218.600000) can0 100#1C42610100000000
(1717243218.603000) can0 200#DB0D0F02B6000000
(1717243218.607000) can0 300#C8024C0400000000
(1717243218.620000) can0 100#13425F0100000000
(1717243218.640000) can0 100#09425E0100000000
(1717243218.657000) can0 300#C8024C0400000000
(1717243218.660000) can0 100#00425D0100000000
(1717243218.680000) can0 100#F6415B0100000000
(1717243218.700000) can0 100#EC415A0100000000
(1717243218.703000) can0 200#DB0D0E02B6000000
(1717243218.707000) can0 300#C7024C0400000000
(1717243218.720000) can0 100#E241590100000000
(1717243218.740000) can0 100#D841580100000000
(1717243218.757000) can0 300#C6024C0400000000
(1717243218.760000) can0 100#CD41570100000000
(1717243218.780000) can0 100#C341550100000000
(1717243218.800000) can0 100#B841540100000000
(1717243218.803000) can0 200#DA0D0E02B6000000
(1717243218.807000) can0 300#C5024C0400000000
(1717243218.820000) can0 100#AD41530100000000
(1717243218.840000) can0 100#A241520100000000
(1717243218.857000) can0 300#C4024C0400000000
(1717243218.860000) can0 100#9641510100000000
(1717243218.880000) can0 100#8B41500100000000
(1717243218.900000) can0 100#7F414F0100000000
(1717243218.903000) can0 200#DA0D0D02B6000000
(1717243218.907000) can0 300#C3024C0400000000
(1717243218.920000) can0 100#74414E0100000000
(1717243218.940000) can0 100#68414D0100000000
(1717243218.957000) can0 300#C2024C0400000000
(1717243218.960000) can0 100#5C414C0100000000
(1717243218.980000) can0 100#4F414B0100000000
(1717243219.000000) can0 100#43414A0100000000
(1717243219.003000) can0 200#DA0D0C02B6000000
(1717243219.007000) can0 300#C2024C0400000000
(1717243219.020000) can0 100#36414A0100000000
(1717243219.040000) can0 100#2A41490100000000
(1717243219.057000) can0 300#C1024C0400000000
(1717243219.060000) can0 100#1D41480100000000
(1717243219.080000) can0 100#1041470100000000
(1717243219.100000) can0 100#0341460100000000
(1717243219.103000) can0 200#DA0D0B02B6000000
(1717243219.107000) can0 300#C0024C0400000000
(1717243219.120000) can0 100#F540460100000000
(1717243219.140000) can0 100#E840450100000000
(1717243219.157000) can0 300#BF024C0400000000
(1717243219.160000) can0 100#DA40440100000000
(1717243219.180000) can0 100#CD40440100000000
(1717243219.200000) can0 100#BF40430100000000
(1717243219.203000) can0 200#D90D0A02B6000000
(1717243219.207000) can0 300#BE024C0400000000
(1717243219.220000) can0 100#B140430100000000
(1717243219.240000) can0 100#A240420100000000
(1717243219.257000) can0 300#BD024C0400000000
(1717243219.260000) can0 100#9440420100000000
(1717243219.280000) can0 100#8640410100000000
(1717243219.300000) can0 100#7740410100000000
(1717243219.303000) can0 200#D90D0802B6000000
(1717243219.307000) can0 300#BC024C0400000000
(1717243219.320000) can0 100#6840400100000000
(1717243219.340000) can0 100#5940400100000000
(1717243219.357000) can0 300#BB024C0400000000
(1717243219.360000) can0 100#4A40400100000000
(1717243219.380000) can0 100#3B403F0100000000
(1717243219.400000) can0 100#2C403F0100000000
(1717243219.403000) can0 200#D90D0602B6000000
(1717243219.407000) can0 300#BA024C0400000000
(1717243219.420000) can0 100#1C403F0100000000
(1717243219.440000) can0 100#0D403E0100000000
(1717243219.457000) can0 300#B9024C0400000000
(1717243219.460000) can0 100#FD3F3E0100000000
(1717243219.480000) can0 100#ED3F3E0100000000
(1717243219.500000) can0 100#DD3F3E0100000000
(1717243219.503000) can0 200#D90D0302B6000000
(1717243219.507000) can0 300#B8024C0400000000
(1717243219.520000) can0 100#CD3F3E0100000000
(1717243219.540000) can0 100#BD3F3D0100000000
(1717243219.557000) can0 300#B7024C0400000000
(1717243219.560000) can0 100#AD3F3D0100000000
(1717243219.580000) can0 100#9C3F3D0100000000
(1717243219.600000) can0 100#8C3F3D0100000000
(1717243219.603000) can0 200#D90D0102B6000000
(1717243219.607000) can0 300#B6024C0400000000
(1717243219.620000) can0 100#7B3F3D0100000000
(1717243219.640000) can0 100#6A3F3D0100000000
(1717243219.657000) can0 300#B5024C0400000000
(1717243219.660000) can0 100#5A3F3D0100000000
(1717243219.680000) can0 100#493F3D0100000000
(1717243219.700000) can0 100#383F3D0100000000
(1717243219.703000) can0 200#D80DFE01B6000000
(1717243219.707000) can0 300#B4024C0400000000
(1717243219.720000) can0 100#263F3D0100000000
(1717243219.740000) can0 100#153F3D0100000000
(1717243219.757000) can0 300#B3024C0400000000
(1717243219.760000) can0 100#043F3E0100000000
(1717243219.780000) can0 100#F23E3E0100000000
(1717243219.800000) can0 100#E13E3E0100000000
(1717243219.803000) can0 200#D80DFA01B6000000
(1717243219.807000) can0 300#B2024C0400000000
(1717243219.820000) can0 100#CF3E3E0100000000
(1717243219.840000) can0 100#BD3E3E0100000000
(1717243219.857000) can0 300#B1024C0400000000
(1717243219.860000) can0 100#AB3E3F0100000000
(1717243219.880000) can0 100#9A3E3F0100000000
(1717243219.900000) can0 100#883E3F0100000000
(1717243219.903000) can0 200#D80DF701B6000000
(1717243219.907000) can0 300#B0024C0400000000
(1717243219.920000) can0 100#753E3F0100000000
(1717243219.940000) can0 100#633E400100000000
(1717243219.957000) can0 300#AF024C0400000000
(1717243219.960000) can0 100#513E400100000000
(1717243219.980000) can0 100#3F3E400100000000
(1717243220.000000) can0 100#2C3E410100000000
(1717243220.003000) can0 200#D80DF301B6000000
(1717243220.007000) can0 300#AE024C0400000000
(1717243220.020000) can0 100#1A3E410100000000
(1717243220.040000) can0 100#073E420100000000
(1717243220.057000) can0 300#AD024C0400000000
(1717243220.060000) can0 100#F53D420100000000
(1717243220.080000) can0 100#E23D430100000000
(1717243220.100000) can0 100#CF3D430100000000
(1717243220.103000) can0 200#D70DEE01B6000000
(1717243220.107000) can0 300#AC024C0400000000
(1717243220.120000) can0 100#BC3D430100000000
(1717243220.140000) can0 100#A93D440100000000
(1717243220.157000) can0 300#AB024C0400000000
(1717243220.160000) can0 100#963D450100000000
(1717243220.180000) can0 100#833D450100000000
(1717243220.200000) can0 100#703D460100000000
(1717243220.203000) can0 200#D70DEA01B6000000
(1717243220.207000) can0 300#AA024C0400000000
(1717243220.220000) can0 100#5D3D460100000000
(1717243220.240000) can0 100#4A3D470100000000
(1717243220.257000) can0 300#A9024C0400000000
(1717243220.260000) can0 100#373D470100000000
(1717243220.280000) can0 100#243D480100000000
(1717243220.300000) can0 100#103D480100000000
(1717243220.303000) can0 200#D70DE501B6000000
(1717243220.307000) can0 300#A7024C0400000000
(1717243220.320000) can0 100#FD3C490100000000
(1717243220.340000) can0 100#EA3C4A0100000000
(1717243220.357000) can0 300#A6024C0400000000
(1717243220.360000) can0 100#D63C4A0100000000
(1717243220.380000) can0 100#C33C4B0100000000
(1717243220.400000) can0 100#AF3C4C0100000000
(1717243220.403000) can0 200#D70DE001B6000000
(1717243220.407000) can0 300#A5024C0400000000
(1717243220.420000) can0 100#9C3C4C0100000000
(1717243220.440000) can0 100#883C4D0100000000
(1717243220.457000) can0 300#A4024C0400000000
(1717243220.460000) can0 100#753C4E0100000000
(1717243220.480000) can0 100#613C4E0100000000
(1717243220.500000) can0 100#4E3C4F0100000000
(1717243220.503000) can0 200#D70DDA01B6000000
(1717243220.507000) can0 300#A3024C0400000000
(1717243220.520000) can0 100#3A3C500100000000
(1717243220.540000) can0 100#263C510100000000
(1717243220.557000) can0 300#A2024C0400000000
(1717243220.560000) can0 100#133C510100000000
(1717243220.580000) can0 100#FF3B520100000000
(1717243220.600000) can0 100#EB3B530100000000
(1717243220.603000) can0 200#D60DD501B6000000
(1717243220.607000) can0 300#A1024C0400000000
(1717243220.620000) can0 100#D83B540100000000
(1717243220.640000) can0 100#C43B540100000000
(1717243220.657000) can0 300#A0024C0400000000
(1717243220.660000) can0 100#B03B550100000000
(1717243220.680000) can0 100#9D3B560100000000
(1717243220.700000) can0 100#893B570100000000
(1717243220.703000) can0 200#D60DCF01B6000000
(1717243220.707000) can0 300#9E024C0400000000
(1717243220.720000) can0 100#753B570100000000
(1717243220.740000) can0 100#623B580100000000
(1717243220.757000) can0 300#9D024C0400000000
(1717243220.760000) can0 100#4E3B590100000000
(1717243220.780000) can0 100#3A3B5A0100000000
(1717243220.800000) can0 100#273B5B0100000000
(1717243220.803000) can0 200#D60DC901B6000000
(1717243220.807000) can0 300#9C024C0400000000
(1717243220.820000) can0 100#133B5B0100000000
(1717243220.840000) can0 100#FF3A5C0100000000
(1717243220.857000) can0 300#9B024C0400000000
(1717243220.860000) can0 100#EC3A5D0100000000
(1717243220.880000) can0 100#D83A5E0100000000
(1717243220.900000) can0 100#C53A5E0100000000
(1717243220.903000) can0 200#D60DC201B6000000
(1717243220.907000) can0 300#9A024C0400000000
(1717243220.920000) can0 100#B13A5F0100000000
(1717243220.940000) can0 100#9E3A600100000000
(1717243220.957000) can0 300#98024C0400000000
(1717243220.960000) can0 100#8A3A610100000000
(1717243220.980000) can0 100#773A610100000000
(1717243221.000000) can0 100#633A620100000000
(1717243221.003000) can0 200#D60DBB01B6000000
(1717243221.007000) can0 300#97024C0400000000
(1717243221.020000) can0 100#503A630100000000
(1717243221.040000) can0 100#3D3A640100000000
(1717243221.057000) can0 300#96024C0400000000
(1717243221.060000) can0 100#293A640100000000
(1717243221.080000) can0 100#163A650100000000
(1717243221.100000) can0 100#033A660100000000
(1717243221.103000) can0 200#D50DB501B6000000
(1717243221.107000) can0 300#95024C0400000000
(1717243221.120000) can0 100#F039670100000000
(1717243221.140000) can0 100#DD39670100000000
(1717243221.157000) can0 300#94024C0400000000
(1717243221.160000) can0 100#CA39680100000000
(1717243221.180000) can0 100#B739690100000000
(1717243221.200000) can0 100#A4396A0100000000
(1717243221.203000) can0 200#D50DAE01B6000000
(1717243221.207000) can0 300#92024C0400000000
(1717243221.220000) can0 100#91396A0100000000
(1717243221.240000) can0 100#7E396B0100000000
(1717243221.257000) can0 300#91024C0400000000
(1717243221.260000) can0 100#6B396C0100000000
(1717243221.280000) can0 100#59396C0100000000
(1717243221.300000) can0 100#46396D0100000000
(1717243221.303000) can0 200#D50DA601B6000000
(1717243221.307000) can0 300#90024C0400000000
(1717243221.320000) can0 100#33396E0100000000
(1717243221.340000) can0 100#21396E0100000000
(1717243221.357000) can0 300#8F024C0400000000
(1717243221.360000) can0 100#0E396F0100000000
(1717243221.380000) can0 100#FC386F0100000000
(1717243221.400000) can0 100#EA38700100000000
(1717243221.403000) can0 200#D50D9F01B6000000
(1717243221.407000) can0 300#8D024C0400000000
(1717243221.420000) can0 100#D738710100000000
(1717243221.440000) can0 100#C538710100000000
(1717243221.457000) can0 300#8C024C0400000000
(1717243221.460000) can0 100#B338720100000000
(1717243221.480000) can0 100#A138720100000000
(1717243221.500000) can0 100#8F38730100000000
(1717243221.503000) can0 200#D50D9801B6000000
(1717243221.507000) can0 300#8B024C0400000000
(1717243221.520000) can0 100#7D38730100000000
(1717243221.540000) can0 100#6B38740100000000
(1717243221.557000) can0 300#8A024C0400000000
(1717243221.560000) can0 100#5A38740100000000
(1717243221.580000) can0 100#4838750100000000
(1717243221.600000) can0 100#3738750100000000
(1717243221.603000) can0 200#D40D9001B6000000
(1717243221.607000) can0 300#88024C0400000000
(1717243221.620000) can0 100#2538760100000000
(1717243221.640000) can0 100#1438760100000000
(1717243221.657000) can0 300#87024C0400000000
(1717243221.660000) can0 100#0338760100000000
(1717243221.680000) can0 100#F137770100000000
(1717243221.700000) can0 100#E037770100000000
(1717243221.703000) can0 200#D40D8801B6000000
(1717243221.707000) can0 300#86024C0400000000
(1717243221.720000) can0 100#CF37770100000000
(1717243221.740000) can0 100#BE37780100000000
(1717243221.757000) can0 300#84024C0400000000
(1717243221.760000) can0 100#AE37780100000000
(1717243221.780000) can0 100#9D37780100000000
(1717243221.800000) can0 100#8C37790100000000
(1717243221.803000) can0 200#D40D8101B6000000
(1717243221.807000) can0 300#83024C0400000000
(1717243221.820000) can0 100#7C37790100000000
(1717243221.840000) can0 100#6C37790100000000
(1717243221.857000) can0 300#82024C0400000000
(1717243221.860000) can0 100#5B37790100000000
(1717243221.880000) can0 100#4B377A0100000000
(1717243221.900000) can0 100#3B377A0100000000
(1717243221.903000) can0 200#D40D7901B6000000
(1717243221.907000) can0 300#80024C0400000000
(1717243221.920000) can0 100#2B377A0100000000
(1717243221.940000) can0 100#1B377A0100000000
(1717243221.957000) can0 300#7F024C0400000000
(1717243221.960000) can0 100#0B377A0100000000
(1717243221.980000) can0 100#FC367A0100000000
(1717243222.000000) can0 100#EC367A0100000000
(1717243222.003000) can0 200#D40D7101B6000000
(1717243222.007000) can0 300#7E024C0400000000
(1717243222.020000) can0 100#DD367A0100000000
(1717243222.040000) can0 100#CD367A0100000000
(1717243222.057000) can0 300#7C024C0400000000
(1717243222.060000) can0 100#BE367A0100000000
(1717243222.080000) can0 100#AF367A0100000000
(1717243222.100000) can0 100#A0367A0100000000
(1717243222.103000) can0 200#D30D6901B6000000
(1717243222.107000) can0 300#7B024C0400000000
(1717243222.120000) can0 100#91367A0100000000
(1717243222.140000) can0 100#83367A0100000000
(1717243222.157000) can0 300#7A024C0400000000
(1717243222.160000) can0 100#74367A0100000000
(1717243222.180000) can0 100#65367A0100000000
(1717243222.200000) can0 100#57367A0100000000
(1717243222.203000) can0 200#D30D6201B6000000
(1717243222.207000) can0 300#78024C0400000000
(1717243222.220000) can0 100#49367A0100000000
(1717243222.240000) can0 100#3B36790100000000
(1717243222.257000) can0 300#77024C0400000000
(1717243222.260000) can0 100#2D36790100000000
(1717243222.280000) can0 100#1F36790100000000
(1717243222.300000) can0 100#1136790100000000
(1717243222.303000) can0 200#D30D5A01B6000000
(1717243222.307000) can0 300#76024C0400000000
(1717243222.320000) can0 100#0336780100000000
(1717243222.340000) can0 100#F635780100000000
(1717243222.357000) can0 300#74024C0400000000
(1717243222.360000) can0 100#E835780100000000
(1717243222.380000) can0 100#DB35770100000000
(1717243222.400000) can0 100#CE35770100000000
(1717243222.403000) can0 200#D30D5201B6000000
(1717243222.407000) can0 300#73024C0400000000
(1717243222.420000) can0 100#C035760100000000
(1717243222.440000) can0 100#B335760100000000
(1717243222.457000) can0 300#72024C0400000000
(1717243222.460000) can0 100#A735750100000000
(1717243222.480000) can0 100#9A35750100000000
(1717243222.500000) can0 100#8D35740100000000
(1717243222.503000) can0 200#D30D4B01B6000000
(1717243222.507000) can0 300#70024C0400000000
(1717243222.520000) can0 100#8135740100000000
(1717243222.540000) can0 100#7435730100000000
(1717243222.557000) can0 300#6F024C0400000000
(1717243222.560000) can0 100#6835730100000000
(1717243222.580000) can0 100#5C35720100000000
(1717243222.600000) can0 100#5035720100000000
(1717243222.603000) can0 200#D20D4301B6000000
(1717243222.607000) can0 300#6D024C0400000000
(1717243222.620000) can0 100#4435710100000000
(1717243222.640000) can0 100#3835700100000000
(1717243222.657000) can0 300#6C024C0400000000
(1717243222.660000) can0 100#2D356F0100000000
(1717243222.680000) can0 100#21356F0100000000
(1717243222.700000) can0 100#16356E0100000000
(1717243222.703000) can0 200#D20D3C01B6000000
(1717243222.707000) can0 300#6A024C0400000000
(1717243222.720000) can0 100#0A356D0100000000
(1717243222.740000) can0 100#FF346C0100000000
(1717243222.757000) can0 300#69024C0400000000
(1717243222.760000) can0 100#F4346C0100000000
(1717243222.780000) can0 100#E9346B0100000000
(1717243222.800000) can0 100#DE346A0100000000
(1717243222.803000) can0 200#D20D3501B6000000
(1717243222.807000) can0 300#68024C0400000000
(1717243222.820000) can0 100#D434690100000000
(1717243222.840000) can0 100#C934680100000000
(1717243222.857000) can0 300#66024C0400000000
(1717243222.860000) can0 100#BF34670100000000
(1717243222.880000) can0 100#B434660100000000
(1717243222.900000) can0 100#AA34650100000000
(1717243222.903000) can0 200#D20D2E01B6000000
(1717243222.907000) can0 300#65024C0400000000
(1717243222.920000) can0 100#A034640100000000
(1717243222.940000) can0 100#9634630100000000
(1717243222.957000) can0 300#63024C0400000000
(1717243222.960000) can0 100#8C34620100000000
(1717243222.980000) can0 100#8234610100000000
(1717243223.000000) can0 100#7934600100000000
(1717243223.003000) can0 200#D20D2701B6000000
(1717243223.007000) can0 300#62024C0400000000
(1717243223.020000) can0 100#6F345F0100000000
(1717243223.040000) can0 100#66345E0100000000
(1717243223.057000) can0 300#60024C0400000000
(1717243223.060000) can0 100#5C345D0100000000
(1717243223.080000) can0 100#53345B0100000000
(1717243223.100000) can0 100#4A345A0100000000
(1717243223.103000) can0 200#D20D2101B6000000
(1717243223.107000) can0 300#5F024C0400000000
(1717243223.120000) can0 100#4134590100000000
(1717243223.140000) can0 100#3834580100000000
(1717243223.157000) can0 300#5D024C0400000000
(1717243223.160000) can0 100#2F34570100000000
(1717243223.180000) can0 100#2634550100000000
(1717243223.200000) can0 100#1E34540100000000
(1717243223.203000) can0 200#D10D1B01B6000000
(1717243223.207000) can0 300#5C024C0400000000
(1717243223.220000) can0 100#1534530100000000
(1717243223.240000) can0 100#0D34510100000000
(1717243223.257000) can0 300#5A024C0400000000
(1717243223.260000) can0 100#0534500100000000
(1717243223.280000) can0 100#FC334F0100000000
(1717243223.300000) can0 100#F4334D0100000000
(1717243223.303000) can0 200#D10D1501B6000000
(1717243223.307000) can0 300#59024C0400000000
(1717243223.320000) can0 100#EC334C0100000000
(1717243223.340000) can0 100#E4334B0100000000
(1717243223.357000) can0 300#58024C0400000000
(1717243223.360000) can0 100#DC33490100000000
(1717243223.380000) can0 100#D533480100000000
(1717243223.400000) can0 100#CD33460100000000
(1717243223.403000) can0 200#D10D0F01B6000000
(1717243223.407000) can0 300#56024C0400000000
(1717243223.420000) can0 100#C533450100000000
(1717243223.440000) can0 100#BE33430100000000
(1717243223.457000) can0 300#55024C0400000000
(1717243223.460000) can0 100#B733420100000000
(1717243223.480000) can0 100#AF33400100000000
(1717243223.500000) can0 100#A8333F0100000000
(1717243223.503000) can0 200#D10D0901B6000000
(1717243223.507000) can0 300#53024C0400000000
(1717243223.520000) can0 100#A1333D0100000000
(1717243223.540000) can0 100#9A333C0100000000
(1717243223.557000) can0 300#52024C0400000000
(1717243223.560000) can0 100#93333A0100000000
(1717243223.580000) can0 100#8C33390100000000
(1717243223.600000) can0 100#8533370100000000
(1717243223.603000) can0 200#D10D0401B6000000
(1717243223.607000) can0 300#50024C0400000000
(1717243223.620000) can0 100#7E33350100000000
(1717243223.640000) can0 100#7833340100000000
(1717243223.657000) can0 300#4E024C0400000000
(1717243223.660000) can0 100#7133320100000000
(1717243223.680000) can0 100#6A33310100000000
(1717243223.700000) can0 100#64332F0100000000
(1717243223.703000) can0 200#D10DFF00B6000000
(1717243223.707000) can0 300#4D024C0400000000
(1717243223.720000) can0 100#5D332D0100000000
(1717243223.740000) can0 100#57332C0100000000
(1717243223.757000) can0 300#4B024C0400000000
(1717243223.760000) can0 100#51332A0100000000
(1717243223.780000) can0 100#4B33280100000000
(1717243223.800000) can0 100#4433270100000000
(1717243223.803000) can0 200#D00DFB00B6000000
(1717243223.807000) can0 300#4A024C0400000000
(1717243223.820000) can0 100#3E33250100000000
(1717243223.840000) can0 100#3833230100000000
(1717243223.857000) can0 300#48024C0400000000
(1717243223.860000) can0 100#3233220100000000
(1717243223.880000) can0 100#2C33200100000000
(1717243223.900000) can0 100#26331E0100000000
(1717243223.903000) can0 200#D00DF600B6000000
(1717243223.907000) can0 300#47024C0400000000
(1717243223.920000) can0 100#20331D0100000000
(1717243223.940000) can0 100#1B331B0100000000
(1717243223.957000) can0 300#45024C0400000000
(1717243223.960000) can0 100#1533190100000000
(1717243223.980000) can0 100#0F33170100000000
(1717243224.000000) can0 100#0933160100000000
(1717243224.003000) can0 200#D00DF200B6000000
(1717243224.007000) can0 300#44024C0400000000
(1717243224.020000) can0 100#0433140100000000
(1717243224.040000) can0 100#FE32120100000000
(1717243224.057000) can0 300#42024C0400000000
(1717243224.060000) can0 100#F832110100000000
(1717243224.080000) can0 100#F3320F0100000000
(1717243224.100000) can0 100#ED320D0100000000
(1717243224.103000) can0 200#D00DEF00B6000000
(1717243224.107000) can0 300#41024C0400000000
(1717243224.120000) can0 100#E8320B0100000000
(1717243224.140000) can0 100#E2320A0100000000
(1717243224.157000) can0 300#3F024C0400000000
(1717243224.160000) can0 100#DD32080100000000
(1717243224.180000) can0 100#D732060100000000
(1717243224.200000) can0 100#D232050100000000
(1717243224.203000) can0 200#D00DEB00B6000000
(1717243224.207000) can0 300#3D024C0400000000
(1717243224.220000) can0 100#CD32030100000000
(1717243224.240000) can0 100#C732010100000000
(1717243224.257000) can0 300#3C024C0400000000
(1717243224.260000) can0 100#C232000100000000
(1717243224.280000) can0 100#BD32FE0000000000
(1717243224.300000) can0 100#B732FC0000000000
(1717243224.303000) can0 200#D00DE800B6000000
(1717243224.307000) can0 300#3A024C0400000000
(1717243224.320000) can0 100#B232FA0000000000
(1717243224.340000) can0 100#AC32F90000000000
(1717243224.357000) can0 300#39024C0400000000
(1717243224.360000) can0 100#A732F70000000000
(1717243224.380000) can0 100#A232F50000000000
(1717243224.400000) can0 100#9C32F40000000000
(1717243224.403000) can0 200#D00DE500B6000000
(1717243224.407000) can0 300#37024C0400000000
(1717243224.420000) can0 100#9732F20000000000
(1717243224.440000) can0 100#9232F10000000000
(1717243224.457000) can0 300#36024C0400000000
(1717243224.460000) can0 100#8C32EF0000000000
(1717243224.480000) can0 100#8732ED0000000000
(1717243224.500000) can0 100#8232EC0000000000
(1717243224.503000) can0 200#CF0DE300B6000000
(1717243224.507000) can0 300#34024C0400000000
(1717243224.520000) can0 100#7C32EA0000000000
(1717243224.540000) can0 100#7732E80000000000
(1717243224.557000) can0 300#32024C0400000000
(1717243224.560000) can0 100#7132E70000000000
(1717243224.580000) can0 100#6C32E50000000000
(1717243224.600000) can0 100#6732E40000000000
(1717243224.603000) can0 200#CF0DE100B6000000
(1717243224.607000) can0 300#31024C0400000000
(1717243224.620000) can0 100#6132E20000000000
(1717243224.640000) can0 100#5C32E10000000000
(1717243224.657000) can0 300#2F024C0400000000
(1717243224.660000) can0 100#5632DF0000000000
(1717243224.680000) can0 100#5032DE0000000000
(1717243224.700000) can0 100#4B32DC0000000000
(1717243224.703000) can0 200#CF0DDF00B6000000
(1717243224.707000) can0 300#2E024C0400000000
(1717243224.720000) can0 100#4532DB0000000000
(1717243224.740000) can0 100#3F32D90000000000
(1717243224.757000) can0 300#2C024C0400000000
(1717243224.760000) can0 100#3A32D80000000000
(1717243224.780000) can0 100#3432D60000000000
(1717243224.800000) can0 100#2E32D50000000000
(1717243224.803000) can0 200#CF0DDE00B6000000
(1717243224.807000) can0 300#2A024C0400000000
(1717243224.820000) can0 100#2832D40000000000
(1717243224.840000) can0 100#2232D20000000000
(1717243224.857000) can0 300#29024C0400000000
(1717243224.860000) can0 100#1C32D10000000000
(1717243224.880000) can0 100#1632CF0000000000
(1717243224.900000) can0 100#1032CE0000000000
(1717243224.903000) can0 200#CF0DDC00B6000000
(1717243224.907000) can0 300#27024C0400000000
(1717243224.920000) can0 100#0A32CD0000000000
(1717243224.940000) can0 100#0432CC0000000000
(1717243224.957000) can0 300#25024C0400000000
(1717243224.960000) can0 100#FE31CA0000000000
(1717243224.980000) can0 100#F831C90000000000
(1717243225.000000) can0 100#F131C80000000000
(1717243225.003000) can0 200#CF0DDC00B5000000
(1717243225.007000) can0 300#24024C0400000000
(1717243225.020000) can0 100#EB31C70000000000
(1717243225.040000) can0 100#E431C50000000000
(1717243225.057000) can0 300#22024C0400000000
(1717243225.060000) can0 100#DE31C40000000000
(1717243225.080000) can0 100#D731C30000000000
(1717243225.100000) can0 100#D131C20000000000
(1717243225.103000) can0 200#CF0DDB00B5000000
(1717243225.107000) can0 300#21024C0400000000
(1717243225.120000) can0 100#CA31C10000000000
(1717243225.140000) can0 100#C331C00000000000
(1717243225.157000) can0 300#1F024C0400000000
(1717243225.160000) can0 100#BC31BF0000000000
(1717243225.180000) can0 100#B531BE0000000000
(1717243225.200000) can0 100#AE31BD0000000000
(1717243225.203000) can0 200#CE0DDB00B5000000
(1717243225.207000) can0 300#1D024C0400000000
(1717243225.220000) can0 100#A731BC0000000000
(1717243225.240000) can0 100#9F31BB0000000000
(1717243225.257000) can0 300#1C024C0400000000
(1717243225.260000) can0 100#9831BA0000000000
(1717243225.280000) can0 100#9131B90000000000
(1717243225.300000) can0 100#8931B80000000000
(1717243225.303000) can0 200#CE0DDB00B5000000
(1717243225.307000) can0 300#1A024C0400000000
(1717243225.320000) can0 100#8131B70000000000
(1717243225.340000) can0 100#7A31B60000000000
(1717243225.357000) can0 300#18024C0400000000
(1717243225.360000) can0 100#7231B50000000000
(1717243225.380000) can0 100#6A31B50000000000
(1717243225.400000) can0 100#6231B40000000000
(1717243225.403000) can0 200#CE0DDB00B5000000
(1717243225.407000) can0 300#17024C0400000000
(1717243225.420000) can0 100#5A31B30000000000
(1717243225.440000) can0 100#5231B30000000000
(1717243225.457000) can0 300#15024C0400000000
(1717243225.460000) can0 100#4931B20000000000
(1717243225.480000) can0 100#4131B10000000000
(1717243225.500000) can0 100#3831B10000000000
(1717243225.503000) can0 200#CE0DDB00B5000000
(1717243225.507000) can0 300#13024C0400000000
(1717243225.520000) can0 100#3031B00000000000
(1717243225.540000) can0 100#2731AF0000000000
(1717243225.557000) can0 300#12024C0400000000
(1717243225.560000) can0 100#1E31AF0000000000
(1717243225.580000) can0 100#1531AE0000000000
(1717243225.600000) can0 100#0C31AE0000000000
(1717243225.603000) can0 200#CE0DDC00B5000000
(1717243225.607000) can0 300#10024C0400000000
(1717243225.620000) can0 100#0331AD0000000000
(1717243225.640000) can0 100#F930AD0000000000
(1717243225.657000) can0 300#0E024D0400000000
(1717243225.660000) can0 100#F030AD0000000000
(1717243225.680000) can0 100#E630AC0000000000
(1717243225.700000) can0 100#DD30AC0000000000
(1717243225.703000) can0 200#CE0DDC00B5000000
(1717243225.707000) can0 300#0D024D0400000000
(1717243225.720000) can0 100#D330AC0000000000
(1717243225.740000) can0 100#C930AB0000000000
(1717243225.757000) can0 300#0B024D0400000000
(1717243225.760000) can0 100#BF30AB0000000000
(1717243225.780000) can0 100#B530AB0000000000
(1717243225.800000) can0 100#AA30AB0000000000
(1717243225.803000) can0 200#CE0DDD00B5000000
(1717243225.807000) can0 300#09024D0400000000
(1717243225.820000) can0 100#A030AA0000000000
(1717243225.840000) can0 100#9530AA0000000000
(1717243225.857000) can0 300#08024D0400000000
(1717243225.860000) can0 100#8B30AA0000000000
(1717243225.880000) can0 100#8030AA0000000000
(1717243225.900000) can0 100#7530AA0000000000
(1717243225.903000) can0 200#CE0DDE00B5000000
(1717243225.907000) can0 300#06024D0400000000
(1717243225.920000) can0 100#6A30AA0000000000
(1717243225.940000) can0 100#5E30AA0000000000
(1717243225.957000) can0 300#04024D0400000000
(1717243225.960000) can0 100#5330AA0000000000
(1717243225.980000) can0 100#4830AA0000000000
(1717243226.000000) can0 100#3C30AA0000000000
(1717243226.003000) can0 200#CE0DE000B5000000
(1717243226.007000) can0 300#03024D0400000000
(1717243226.020000) can0 100#3030AA0000000000
(1717243226.040000) can0 100#2430AB0000000000
(1717243226.057000) can0 300#01024D0400000000
(1717243226.060000) can0 100#1830AB0000000000
(1717243226.080000) can0 100#0C30AB0000000000
(1717243226.100000) can0 100#0030AB0000000000
(1717243226.103000) can0 200#CE0DE100B5000000
(1717243226.107000) can0 300#FF014D0400000000
(1717243226.120000) can0 100#F32FAB0000000000
(1717243226.140000) can0 100#E62FAC0000000000
(1717243226.157000) can0 300#FE014D0400000000
(1717243226.160000) can0 100#DA2FAC0000000000
(1717243226.180000) can0 100#CD2FAC0000000000
(1717243226.200000) can0 100#C02FAD0000000000
(1717243226.203000) can0 200#CD0DE200B5000000
(1717243226.207000) can0 300#FC014D0400000000
(1717243226.220000) can0 100#B22FAD0000000000
(1717243226.240000) can0 100#A52FAE0000000000
(1717243226.257000) can0 300#FA014D0400000000
(1717243226.260000) can0 100#982FAE0000000000
(1717243226.280000) can0 100#8A2FAF0000000000
(1717243226.300000) can0 100#7C2FAF0000000000
(1717243226.303000) can0 200#CD0DE400B5000000
(1717243226.307000) can0 300#F8014D0400000000
(1717243226.320000) can0 100#6E2FB00000000000
(1717243226.340000) can0 100#602FB00000000000
(1717243226.357000) can0 300#F7014D0400000000
(1717243226.360000) can0 100#522FB10000000000
(1717243226.380000) can0 100#432FB20000000000
(1717243226.400000) can0 100#352FB20000000000
(1717243226.403000) can0 200#CD0DE500B5000000
(1717243226.407000) can0 300#F5014D0400000000
(1717243226.420000) can0 100#262FB30000000000
(1717243226.440000) can0 100#172FB40000000000
(1717243226.457000) can0 300#F3014D0400000000
(1717243226.460000) can0 100#082FB40000000000
(1717243226.480000) can0 100#F92EB50000000000
(1717243226.500000) can0 100#EA2EB60000000000
(1717243226.503000) can0 200#CD0DE700B5000000
(1717243226.507000) can0 300#F2014D0400000000
(1717243226.520000) can0 100#DA2EB70000000000
(1717243226.540000) can0 100#CB2EB80000000000
(1717243226.557000) can0 300#F0014D0400000000
(1717243226.560000) can0 100#BB2EB80000000000
(1717243226.580000) can0 100#AB2EB90000000000
(1717243226.600000) can0 100#9B2EBA0000000000
(1717243226.603000) can0 200#CD0DE800B5000000
(1717243226.607000) can0 300#EE014D0400000000
(1717243226.620000) can0 100#8B2EBB0000000000
(1717243226.640000) can0 100#7B2EBC0000000000
(1717243226.657000) can0 300#EC014D0400000000
(1717243226.660000) can0 100#6A2EBD0000000000
(1717243226.680000) can0 100#5A2EBE0000000000
(1717243226.700000) can0 100#492EBF0000000000
(1717243226.703000) can0 200#CD0DEA00B5000000
(1717243226.707000) can0 300#EB014D0400000000
(1717243226.720000) can0 100#382EC00000000000
(1717243226.740000) can0 100#272EC10000000000
(1717243226.757000) can0 300#E9014D0400000000
(1717243226.760000) can0 100#162EC20000000000
(1717243226.780000) can0 100#042EC40000000000
(1717243226.800000) can0 100#F32DC50000000000
(1717243226.803000) can0 200#CD0DEB00B5000000
(1717243226.807000) can0 300#E7014D0400000000
(1717243226.820000) can0 100#E12DC60000000000
(1717243226.840000) can0 100#CF2DC70000000000
(1717243226.857000) can0 300#E6014D0400000000
(1717243226.860000) can0 100#BD2DC80000000000
(1717243226.880000) can0 100#AB2DCA0000000000
(1717243226.900000) can0 100#992DCB0000000000
(1717243226.903000) can0 200#CD0DED00B5000000
(1717243226.907000) can0 300#E4014D0400000000
(1717243226.920000) can0 100#872DCC0000000000
(1717243226.940000) can0 100#742DCD0000000000
(1717243226.957000) can0 300#E2014D0400000000
(1717243226.960000) can0 100#622DCF0000000000
(1717243226.980000) can0 100#4F2DD00000000000
(1717243227.000000) can0 100#3C2DD10000000000
(1717243227.003000) can0 200#CD0DEE00B5000000
(1717243227.007000) can0 300#E0014D0400000000
(1717243227.020000) can0 100#292DD30000000000
(1717243227.040000) can0 100#162DD40000000000
(1717243227.057000) can0 300#DF014D0400000000
(1717243227.060000) can0 100#022DD50000000000
(1717243227.080000) can0 100#EF2CD70000000000
(1717243227.100000) can0 100#DB2CD80000000000
(1717243227.103000) can0 200#CD0DEF00B5000000
(1717243227.107000) can0 300#DD014D0400000000
(1717243227.120000) can0 100#C72CDA0000000000
(1717243227.140000) can0 100#B42CDB0000000000
(1717243227.157000) can0 300#DB014D0400000000
(1717243227.160000) can0 100#A02CDD0000000000
(1717243227.180000) can0 100#8B2CDE0000000000
(1717243227.200000) can0 100#772CE00000000000
(1717243227.203000) can0 200#CD0DF000B5000000
(1717243227.207000) can0 300#D9014D0400000000
(1717243227.220000) can0 100#632CE10000000000
(1717243227.240000) can0 100#4E2CE30000000000
(1717243227.257000) can0 300#D8014D0400000000
(1717243227.260000) can0 100#3A2CE40000000000
(1717243227.280000) can0 100#252CE60000000000
(1717243227.300000) can0 100#102CE70000000000
(1717243227.303000) can0 200#CD0DF100B5000000
(1717243227.307000) can0 300#D6014D0400000000
(1717243227.320000) can0 100#FB2BE90000000000
(1717243227.340000) can0 100#E62BEB0000000000
(1717243227.357000) can0 300#D4014D0400000000
(1717243227.360000) can0 100#D12BEC0000000000
(1717243227.380000) can0 100#BB2BEE0000000000
(1717243227.400000) can0 100#A62BEF0000000000
(1717243227.403000) can0 200#CD0DF200B5000000
(1717243227.407000) can0 300#D3014D0400000000
(1717243227.420000) can0 100#902BF10000000000
(1717243227.440000) can0 100#7A2BF30000000000
(1717243227.457000) can0 300#D1014D0400000000
(1717243227.460000) can0 100#642BF40000000000
(1717243227.480000) can0 100#4E2BF60000000000
(1717243227.500000) can0 100#382BF80000000000
(1717243227.503000) can0 200#CD0DF300B5000000
(1717243227.507000) can0 300#CF014D0400000000
(1717243227.520000) can0 100#222BF90000000000
(1717243227.540000) can0 100#0C2BFB0000000000
(1717243227.557000) can0 300#CD014D0400000000
(1717243227.560000) can0 100#F62AFD0000000000
(1717243227.580000) can0 100#DF2AFE0000000000
(1717243227.600000) can0 100#C82A000100000000
(1717243227.603000) can0 200#CD0DF300B5000000
(1717243227.607000) can0 300#CC014D0400000000
(1717243227.620000) can0 100#B22A020100000000
(1717243227.640000) can0 100#9B2A030100000000
(1717243227.657000) can0 300#CA014D0400000000
(1717243227.660000) can0 100#842A050100000000
(1717243227.680000) can0 100#6D2A070100000000
(1717243227.700000) can0 100#562A080100000000
(1717243227.703000) can0 200#CD0DF300B5000000
(1717243227.707000) can0 300#C8014D0400000000
(1717243227.720000) can0 100#3F2A0A0100000000
(1717243227.740000) can0 100#282A0C0100000000
(1717243227.757000) can0 300#C6014D0400000000
(1717243227.760000) can0 100#102A0D0100000000
(1717243227.780000) can0 100#F9290F0100000000
(1717243227.800000) can0 100#E129110100000000
(1717243227.803000) can0 200#CC0DF300B5000000
(1717243227.807000) can0 300#C5014D0400000000
(1717243227.820000) can0 100#CA29130100000000
(1717243227.840000) can0 100#B229140100000000
(1717243227.857000) can0 300#C3014D0400000000
(1717243227.860000) can0 100#9A29160100000000
(1717243227.880000) can0 100#8229180100000000
(1717243227.900000) can0 100#6A29190100000000
(1717243227.903000) can0 200#CC0DF300B5000000
(1717243227.907000) can0 300#C1014D0400000000
(1717243227.920000) can0 100#53291B0100000000
(1717243227.940000) can0 100#3A291D0100000000
(1717243227.957000) can0 300#BF014D0400000000
(1717243227.960000) can0 100#22291E0100000000
(1717243227.980000) can0 100#0A29200100000000
(1717243228.000000) can0 100#F228220100000000
(1717243228.003000) can0 200#CC0DF300B5000000
(1717243228.007000) can0 300#BE014D0400000000
(1717243228.020000) can0 100#DA28230100000000
(1717243228.040000) can0 100#C128250100000000
(1717243228.057000) can0 300#BC014D0400000000
(1717243228.060000) can0 100#A928270100000000
(1717243228.080000) can0 100#9028280100000000
(1717243228.100000) can0 100#78282A0100000000
(1717243228.103000) can0 200#CC0DF200B5000000
(1717243228.107000) can0 300#BA014D0400000000
(1717243228.120000) can0 100#5F282C0100000000
(1717243228.140000) can0 100#46282D0100000000
(1717243228.157000) can0 300#B8014D0400000000
(1717243228.160000) can0 100#2E282F0100000000
(1717243228.180000) can0 100#1528300100000000
(1717243228.200000) can0 100#FC27320100000000
(1717243228.203000) can0 200#CC0DF100B5000000
(1717243228.207000) can0 300#B7014D0400000000
(1717243228.220000) can0 100#E327340100000000
(1717243228.240000) can0 100#CA27350100000000
(1717243228.257000) can0 300#B5014D0400000000
(1717243228.260000) can0 100#B127370100000000
(1717243228.280000) can0 100#9927380100000000
(1717243228.300000) can0 100#80273A0100000000
(1717243228.303000) can0 200#CC0DF000B5000000
(1717243228.307000) can0 300#B3014D0400000000
(1717243228.320000) can0 100#67273B0100000000
(1717243228.340000) can0 100#4D273D0100000000
(1717243228.357000) can0 300#B1014D0400000000
(1717243228.360000) can0 100#34273E0100000000
(1717243228.380000) can0 100#1B27400100000000
(1717243228.400000) can0 100#0227410100000000
(1717243228.403000) can0 200#CC0DEF00B5000000
(1717243228.407000) can0 300#B0014D0400000000
(1717243228.420000) can0 100#E926430100000000
(1717243228.440000) can0 100#D026440100000000
(1717243228.457000) can0 300#AE014D0400000000
(1717243228.460000) can0 100#B726460100000000
(1717243228.480000) can0 100#9D26470100000000
(1717243228.500000) can0 100#8426480100000000
(1717243228.503000) can0 200#CC0DED00B5000000
(1717243228.507000) can0 300#AC014D0400000000
(1717243228.520000) can0 100#6B264A0100000000
(1717243228.540000) can0 100#52264B0100000000
(1717243228.557000) can0 300#AA014D0400000000
(1717243228.560000) can0 100#39264C0100000000
(1717243228.580000) can0 100#1F264E0100000000
(1717243228.600000) can0 100#06264F0100000000
(1717243228.603000) can0 200#CC0DEB00B5000000
(1717243228.607000) can0 300#A9014D0400000000
(1717243228.620000) can0 100#ED25500100000000
(1717243228.640000) can0 100#D425520100000000
(1717243228.657000) can0 300#A7014D0400000000
(1717243228.660000) can0 100#BB25530100000000
(1717243228.680000) can0 100#A125540100000000
(1717243228.700000) can0 100#8825550100000000
(1717243228.703000) can0 200#CC0DE900B5000000
(1717243228.707000) can0 300#A5014D0400000000
(1717243228.720000) can0 100#6F25570100000000
(1717243228.740000) can0 100#5625580100000000
(1717243228.757000) can0 300#A3014D0400000000
(1717243228.760000) can0 100#3D25590100000000
(1717243228.780000) can0 100#24255A0100000000
(1717243228.800000) can0 100#0B255B0100000000
(1717243228.803000) can0 200#CC0DE600B5000000
(1717243228.807000) can0 300#A2014D0400000000
(1717243228.820000) can0 100#F1245C0100000000
(1717243228.840000) can0 100#D8245D0100000000
(1717243228.857000) can0 300#A0014D0400000000
(1717243228.860000) can0 100#BF245F0100000000
(1717243228.880000) can0 100#A624600100000000
(1717243228.900000) can0 100#8D24610100000000
(1717243228.903000) can0 200#CC0DE300B5000000
(1717243228.907000) can0 300#9E014D0400000000
(1717243228.920000) can0 100#7524620100000000
(1717243228.940000) can0 100#5C24630100000000
(1717243228.957000) can0 300#9C014D0400000000
(1717243228.960000) can0 100#4324640100000000
(1717243228.980000) can0 100#2A24640100000000
(1717243229.000000) can0 100#1124650100000000
(1717243229.003000) can0 200#CC0DE000B5000000
(1717243229.007000) can0 300#9B014D0400000000
(1717243229.020000) can0 100#F923660100000000
(1717243229.040000) can0 100#E023670100000000
(1717243229.057000) can0 300#99014D0400000000
(1717243229.060000) can0 100#C723680100000000
(1717243229.080000) can0 100#AF23690100000000
(1717243229.100000) can0 100#96236A0100000000
(1717243229.103000) can0 200#CC0DDD00B5000000
(1717243229.107000) can0 300#97014D0400000000
(1717243229.120000) can0 100#7E236A0100000000
(1717243229.140000) can0 100#66236B0100000000
(1717243229.157000) can0 300#96014D0400000000
(1717243229.160000) can0 100#4D236C0100000000
(1717243229.180000) can0 100#35236D0100000000
(1717243229.200000) can0 100#1D236D0100000000
(1717243229.203000) can0 200#CC0DD900B5000000
(1717243229.207000) can0 300#94014D0400000000
(1717243229.220000) can0 100#05236E0100000000
(1717243229.240000) can0 100#ED226F0100000000
(1717243229.257000) can0 300#92014D0400000000
(1717243229.260000) can0 100#D5226F0100000000
(1717243229.280000) can0 100#BD22700100000000
(1717243229.300000) can0 100#A522700100000000
(1717243229.303000) can0 200#CC0DD600B5000000
(1717243229.307000) can0 300#90014D0400000000
(1717243229.320000) can0 100#8D22710100000000
(1717243229.340000) can0 100#7622710100000000
(1717243229.357000) can0 300#8F014D0400000000
(1717243229.360000) can0 100#5E22720100000000
(1717243229.380000) can0 100#4722720100000000
(1717243229.400000) can0 100#2F22730100000000
(1717243229.403000) can0 200#CC0DD200B5000000
(1717243229.407000) can0 300#8D014D0400000000
(1717243229.420000) can0 100#1822730100000000
(1717243229.440000) can0 100#0122740100000000
(1717243229.457000) can0 300#8B014D0400000000
(1717243229.460000) can0 100#E921740100000000
(1717243229.480000) can0 100#D221740100000000
(1717243229.500000) can0 100#BB21750100000000
(1717243229.503000) can0 200#CC0DCD00B5000000
(1717243229.507000) can0 300#89014D0400000000
(1717243229.520000) can0 100#A521750100000000
(1717243229.540000) can0 100#8E21750100000000
(1717243229.557000) can0 300#88014D0400000000
(1717243229.560000) can0 100#7721750100000000
(1717243229.580000) can0 100#6121760100000000
(1717243229.600000) can0 100#4A21760100000000
(1717243229.603000) can0 200#CC0DC900B5000000
(1717243229.607000) can0 300#86014D0400000000
(1717243229.620000) can0 100#3421760100000000
(1717243229.640000) can0 100#1E21760100000000
(1717243229.657000) can0 300#84014D0400000000
(1717243229.660000) can0 100#0721760100000000
(1717243229.680000) can0 100#F120770100000000
(1717243229.700000) can0 100#DB20770100000000
(1717243229.703000) can0 200#CC0DC400B5000000
(1717243229.707000) can0 300#83014D0400000000
(1717243229.720000) can0 100#C620770100000000
(1717243229.740000) can0 100#B020770100000000
(1717243229.757000) can0 300#81014D0400000000
(1717243229.760000) can0 100#9A20770100000000
(1717243229.780000) can0 100#8520770100000000
(1717243229.800000) can0 100#7020770100000000
(1717243229.803000) can0 200#CC0DBF00B5000000
(1717243229.807000) can0 300#7F014D0400000000
(1717243229.820000) can0 100#5A20770100000000
(1717243229.840000) can0 100#4520770100000000
(1717243229.857000) can0 300#7D014D0400000000
(1717243229.860000) can0 100#3020770100000000
(1717243229.880000) can0 100#1C20760100000000
(1717243229.900000) can0 100#0720760100000000
(1717243229.903000) can0 200#CC0DBA00B5000000
(1717243229.907000) can0 300#7C014D0400000000
(1717243229.920000) can0 100#F21F760100000000
(1717243229.940000) can0 100#DE1F760100000000
(1717243229.957000) can0 300#7A014D0400000000
(1717243229.960000) can0 100#C91F760100000000
(1717243229.980000) can0 100#B51F760100000000
(1717243230.000000) can0 100#A11F750100000000
(1717243230.003000) can0 200#CC0DB500B5000000
(1717243230.007000) can0 300#78014D0400000000
(1717243230.020000) can0 100#8D1F750100000000
(1717243230.040000) can0 100#791F750100000000
(1717243230.057000) can0 300#76014D0400000000
(1717243230.060000) can0 100#661F750100000000
(1717243230.080000) can0 100#521F740100000000
(1717243230.100000) can0 100#3F1F740100000000
(1717243230.103000) can0 200#CD0DB000B5000000
(1717243230.107000) can0 300#75014D0400000000
(1717243230.120000) can0 100#2B1F740100000000
(1717243230.140000) can0 100#181F730100000000
(1717243230.157000) can0 300#73014D0400000000
(1717243230.160000) can0 100#051F730100000000
(1717243230.180000) can0 100#F31E720100000000
(1717243230.200000) can0 100#E01E720100000000
(1717243230.203000) can0 200#CD0DAB00B5000000
(1717243230.207000) can0 300#71014D0400000000
(1717243230.220000) can0 100#CD1E720100000000
(1717243230.240000) can0 100#BB1E710100000000
(1717243230.257000) can0 300#70014D0400000000
(1717243230.260000) can0 100#A91E710100000000
(1717243230.280000) can0 100#961E700100000000
(1717243230.300000) can0 100#841E700100000000
(1717243230.303000) can0 200#CD0DA500B5000000
(1717243230.307000) can0 300#6E014D0400000000
(1717243230.320000) can0 100#731E6F0100000000
(1717243230.340000) can0 100#611E6F0100000000
(1717243230.357000) can0 300#6C014D0400000000
(1717243230.360000) can0 100#4F1E6E0100000000
(1717243230.380000) can0 100#3E1E6E0100000000
(1717243230.400000) can0 100#2D1E6D0100000000
(1717243230.403000) can0 200#CD0DA000B5000000
(1717243230.407000) can0 300#6B014D0400000000
(1717243230.420000) can0 100#1C1E6C0100000000
(1717243230.440000) can0 100#0B1E6C0100000000
(1717243230.457000) can0 300#69014D0400000000
(1717243230.460000) can0 100#FA1D6B0100000000
(1717243230.480000) can0 100#E91D6B0100000000
(1717243230.500000) can0 100#D91D6A0100000000
(1717243230.503000) can0 200#CD0D9A00B5000000
(1717243230.507000) can0 300#67014D0400000000
(1717243230.520000) can0 100#C81D690100000000
(1717243230.540000) can0 100#B81D690100000000
(1717243230.557000) can0 300#65014D0400000000
(1717243230.560000) can0 100#A81D680100000000
(1717243230.580000) can0 100#981D670100000000
(1717243230.600000) can0 100#881D670100000000
(1717243230.603000) can0 200#CD0D9500B5000000
(1717243230.607000) can0 300#64014D0400000000
(1717243230.620000) can0 100#791D660100000000
(1717243230.640000) can0 100#691D650100000000
(1717243230.657000) can0 300#62014D0400000000
(1717243230.660000) can0 100#5A1D640100000000
(1717243230.680000) can0 100#4B1D640100000000
(1717243230.700000) can0 100#3C1D630100000000
(1717243230.703000) can0 200#CD0D8F00B5000000
(1717243230.707000) can0 300#60014D0400000000
(1717243230.720000) can0 100#2D1D620100000000
(1717243230.740000) can0 100#1E1D610100000000
(1717243230.757000) can0 300#5F014D0400000000
(1717243230.760000) can0 100#101D610100000000
(1717243230.780000) can0 100#011D600100000000
(1717243230.800000) can0 100#F31C5F0100000000
(1717243230.803000) can0 200#CD0D8900B5000000
(1717243230.807000) can0 300#5D014D0400000000
(1717243230.820000) can0 100#E51C5E0100000000
(1717243230.840000) can0 100#D71C5E0100000000
(1717243230.857000) can0 300#5B014D0400000000
(1717243230.860000) can0 100#C91C5D0100000000
(1717243230.880000) can0 100#BB1C5C0100000000
(1717243230.900000) can0 100#AE1C5B0100000000
(1717243230.903000) can0 200#CD0D8400B5000000
(1717243230.907000) can0 300#5A014D0400000000
(1717243230.920000) can0 100#A11C5B0100000000
(1717243230.940000) can0 100#931C5A0100000000
(1717243230.957000) can0 300#58014D0400000000
(1717243230.960000) can0 100#861C590100000000
(1717243230.980000) can0 100#791C580100000000
(1717243231.000000) can0 100#6D1C570100000000
(1717243231.003000) can0 200#CD0D7F00B5000000
(1717243231.007000) can0 300#56014D0400000000
(1717243231.020000) can0 100#601C570100000000
(1717243231.040000) can0 100#541C560100000000
(1717243231.057000) can0 300#55014D0400000000
(1717243231.060000) can0 100#471C550100000000
(1717243231.080000) can0 100#3B1C540100000000
(1717243231.100000) can0 100#2F1C530100000000
(1717243231.103000) can0 200#CD0D7900B5000000
(1717243231.107000) can0 300#53014D0400000000
(1717243231.120000) can0 100#231C530100000000
(1717243231.140000) can0 100#171C520100000000
(1717243231.157000) can0 300#51014D0400000000
(1717243231.160000) can0 100#0C1C510100000000
(1717243231.180000) can0 100#001C500100000000
(1717243231.200000) can0 100#F51B500100000000
(1717243231.203000) can0 200#CD0D7400B5000000
(1717243231.207000) can0 300#50014D0400000000
(1717243231.220000) can0 100#EA1B4F0100000000
(1717243231.240000) can0 100#DF1B4E0100000000
(1717243231.257000) can0 300#4E014D0400000000
(1717243231.260000) can0 100#D41B4D0100000000
(1717243231.280000) can0 100#C91B4C0100000000
(1717243231.300000) can0 100#BF1B4C0100000000
(1717243231.303000) can0 200#CD0D6F00B5000000
(1717243231.307000) can0 300#4C014D0400000000
(1717243231.320000) can0 100#B41B4B0100000000
(1717243231.340000) can0 100#AA1B4A0100000000
(1717243231.357000) can0 300#4B014E0400000000
(1717243231.360000) can0 100#A01B4A0100000000
(1717243231.380000) can0 100#951B490100000000
(1717243231.400000) can0 100#8C1B480100000000
(1717243231.403000) can0 200#CD0D6A00B5000000
(1717243231.407000) can0 300#49014E0400000000
(1717243231.420000) can0 100#821B470100000000
(1717243231.440000) can0 100#781B470100000000
(1717243231.457000) can0 300#48014E0400000000
(1717243231.460000) can0 100#6E1B460100000000
(1717243231.480000) can0 100#651B450100000000
(1717243231.500000) can0 100#5C1B450100000000
(1717243231.503000) can0 200#CD0D6500B5000000
(1717243231.507000) can0 300#46014E0400000000
(1717243231.520000) can0 100#521B440100000000
(1717243231.540000) can0 100#491B430100000000
(1717243231.557000) can0 300#44014E0400000000
(1717243231.560000) can0 100#401B430100000000
(1717243231.580000) can0 100#381B420100000000
(1717243231.600000) can0 100#2F1B420100000000
(1717243231.603000) can0 200#CD0D6100B5000000
(1717243231.607000) can0 300#43014E0400000000
(1717243231.620000) can0 100#261B410100000000
(1717243231.640000) can0 100#1E1B400100000000
(1717243231.657000) can0 300#41014E0400000000
(1717243231.660000) can0 100#151B400100000000
(1717243231.680000) can0 100#0D1B3F0100000000
(1717243231.700000) can0 100#051B3F0100000000
(1717243231.703000) can0 200#CE0D5C00B5000000
(1717243231.707000) can0 300#3F014E0400000000
(1717243231.720000) can0 100#FD1A3E0100000000
(1717243231.740000) can0 100#F51A3E0100000000
(1717243231.757000) can0 300#3E014E0400000000
(1717243231.760000) can0 100#ED1A3D0100000000
(1717243231.780000) can0 100#E61A3D0100000000
(1717243231.800000) can0 100#DE1A3C0100000000
(1717243231.803000) can0 200#CE0D5800B5000000
(1717243231.807000) can0 300#3C014E0400000000
(1717243231.820000) can0 100#D61A3C0100000000
(1717243231.840000) can0 100#CF1A3C0100000000
(1717243231.857000) can0 300#3B014E0400000000
(1717243231.860000) can0 100#C81A3B0100000000
(1717243231.880000) can0 100#C01A3B0100000000
(1717243231.900000) can0 100#B91A3B0100000000
(1717243231.903000) can0 200#CE0D5400B5000000
(1717243231.907000) can0 300#39014E0400000000
(1717243231.920000) can0 100#B21A3A0100000000
(1717243231.940000) can0 100#AB1A3A0100000000
(1717243231.957000) can0 300#37014E0400000000
(1717243231.960000) can0 100#A51A3A0100000000
(1717243231.980000) can0 100#9E1A390100000000
(1717243232.000000) can0 100#971A390100000000
(1717243232.003000) can0 200#CE0D5000B5000000
(1717243232.007000) can0 300#36014E0400000000
(1717243232.020000) can0 100#911A390100000000
(1717243232.040000) can0 100#8A1A390100000000
(1717243232.057000) can0 300#34014E0400000000
(1717243232.060000) can0 100#841A380100000000
(1717243232.080000) can0 100#7D1A380100000000
(1717243232.100000) can0 100#771A380100000000
(1717243232.103000) can0 200#CE0D4D00B5000000
(1717243232.107000) can0 300#33014E0400000000
(1717243232.120000) can0 100#711A380100000000
(1717243232.140000) can0 100#6B1A380100000000
(1717243232.157000) can0 300#31014E0400000000
(1717243232.160000) can0 100#651A380100000000
(1717243232.180000) can0 100#5F1A380100000000
(1717243232.200000) can0 100#591A380100000000
(1717243232.203000) can0 200#CE0D4A00B5000000
(1717243232.207000) can0 300#2F014E0400000000
(1717243232.220000) can0 100#531A380100000000
(1717243232.240000) can0 100#4D1A380100000000
(1717243232.257000) can0 300#2E014E0400000000
(1717243232.260000) can0 100#471A380100000000
(1717243232.280000) can0 100#421A380100000000
(1717243232.300000) can0 100#3C1A380100000000
(1717243232.303000) can0 200#CE0D4700B5000000
(1717243232.307000) can0 300#2C014E0400000000
(1717243232.320000) can0 100#371A380100000000
(1717243232.340000) can0 100#311A380100000000
(1717243232.357000) can0 300#2B014E0400000000
(1717243232.360000) can0 100#2C1A380100000000
(1717243232.380000) can0 100#261A390100000000
(1717243232.400000) can0 100#211A390100000000
(1717243232.403000) can0 200#CE0D4500B5000000
(1717243232.407000) can0 300#29014E0400000000
(1717243232.420000) can0 100#1C1A390100000000
(1717243232.440000) can0 100#161A390100000000
(1717243232.457000) can0 300#28014E0400000000
(1717243232.460000) can0 100#111A3A0100000000
(1717243232.480000) can0 100#0C1A3A0100000000
(1717243232.500000) can0 100#071A3A0100000000
(1717243232.503000) can0 200#CE0D4300B5000000
(1717243232.507000) can0 300#26014E0400000000
(1717243232.520000) can0 100#021A3B0100000000
(1717243232.540000) can0 100#FD193B0100000000
(1717243232.557000) can0 300#24014E0400000000
(1717243232.560000) can0 100#F8193C0100000000
(1717243232.580000) can0 100#F3193C0100000000
(1717243232.600000) can0 100#EE193D0100000000
(1717243232.603000) can0 200#CE0D4100B5000000
(1717243232.607000) can0 300#23014E0400000000
(1717243232.620000) can0 100#E9193D0100000000
(1717243232.640000) can0 100#E4193E0100000000
(1717243232.657000) can0 300#21014E0400000000
(1717243232.660000) can0 100#DF193E0100000000
(1717243232.680000) can0 100#DA193F0100000000
(1717243232.700000) can0 100#D519400100000000
(1717243232.703000) can0 200#CF0D3F00B5000000
(1717243232.707000) can0 300#20014E0400000000
(1717243232.720000) can0 100#D019400100000000
(1717243232.740000) can0 100#CB19410100000000
(1717243232.757000) can0 300#1E014E0400000000
(1717243232.760000) can0 100#C719420100000000
(1717243232.780000) can0 100#C219420100000000
(1717243232.800000) can0 100#BD19430100000000
(1717243232.803000) can0 200#CF0D3E00B5000000
(1717243232.807000) can0 300#1D014E0400000000
(1717243232.820000) can0 100#B819440100000000
(1717243232.840000) can0 100#B319450100000000
(1717243232.857000) can0 300#1B014E0400000000
(1717243232.860000) can0 100#AE19460100000000
(1717243232.880000) can0 100#AA19470100000000
(1717243232.900000) can0 100#A519470100000000
(1717243232.903000) can0 200#CF0D3D00B5000000
(1717243232.907000) can0 300#1A014E0400000000
(1717243232.920000) can0 100#A019480100000000
(1717243232.940000) can0 100#9B19490100000000
(1717243232.957000) can0 300#18014E0400000000
(1717243232.960000) can0 100#96194A0100000000
(1717243232.980000) can0 100#91194B0100000000
(1717243233.000000) can0 100#8C194C0100000000
(1717243233.003000) can0 200#CF0D3D00B5000000
(1717243233.007000) can0 300#17014E0400000000
(1717243233.020000) can0 100#87194D0100000000
(1717243233.040000) can0 100#82194F0100000000
(1717243233.057000) can0 300#15014E0400000000
(1717243233.060000) can0 100#7E19500100000000
(1717243233.080000) can0 100#7919510100000000
(1717243233.100000) can0 100#7419520100000000
(1717243233.103000) can0 200#CF0D3D00B5000000
(1717243233.107000) can0 300#14014E0400000000
(1717243233.120000) can0 100#6F19530100000000
(1717243233.140000) can0 100#6919550100000000
(1717243233.157000) can0 300#12014E0400000000
(1717243233.160000) can0 100#6419560100000000
(1717243233.180000) can0 100#5F19570100000000
(1717243233.200000) can0 100#5A19580100000000
(1717243233.203000) can0 200#CF0D3D00B5000000
(1717243233.207000) can0 300#11014E0400000000
(1717243233.220000) can0 100#55195A0100000000
(1717243233.240000) can0 100#50195B0100000000
(1717243233.257000) can0 300#0F014E0400000000
(1717243233.260000) can0 100#4A195D0100000000
(1717243233.280000) can0 100#45195E0100000000
(1717243233.300000) can0 100#40195F0100000000
(1717243233.303000) can0 200#CF0D3E00B5000000
(1717243233.307000) can0 300#0E014E0400000000
(1717243233.320000) can0 100#3A19610100000000
(1717243233.340000) can0 100#3519620100000000
(1717243233.357000) can0 300#0C014E0400000000
(1717243233.360000) can0 100#2F19640100000000
(1717243233.380000) can0 100#2A19660100000000
(1717243233.400000) can0 100#2419670100000000
(1717243233.403000) can0 200#CF0D3F00B5000000
(1717243233.407000) can0 300#0B014E0400000000
(1717243233.420000) can0 100#1E19690100000000
(1717243233.440000) can0 100#19196A0100000000
(1717243233.457000) can0 300#09014E0400000000
(1717243233.460000) can0 100#13196C0100000000
(1717243233.480000) can0 100#0D196E0100000000
(1717243233.500000) can0 100#07196F0100000000
(1717243233.503000) can0 200#D00D4000B5000000
(1717243233.507000) can0 300#08014E0400000000
(1717243233.520000) can0 100#0119710100000000
(1717243233.540000) can0 100#FB18730100000000
(1717243233.557000) can0 300#06014E0400000000
(1717243233.560000) can0 100#F518750100000000
(1717243233.580000) can0 100#EF18760100000000
(1717243233.600000) can0 100#E818780100000000
(1717243233.603000) can0 200#D00D4200B5000000
(1717243233.607000) can0 300#05014E0400000000
(1717243233.620000) can0 100#E2187A0100000000
(1717243233.640000) can0 100#DC187C0100000000
(1717243233.657000) can0 300#03014E0400000000
(1717243233.660000) can0 100#D5187E0100000000
(1717243233.680000) can0 100#CF18800100000000
(1717243233.700000) can0 100#C818820100000000
(1717243233.703000) can0 200#D00D4400B5000000
(1717243233.707000) can0 300#02014E0400000000
(1717243233.720000) can0 100#C118840100000000
(1717243233.740000) can0 100#BA18850100000000
(1717243233.757000) can0 300#01014E0400000000
(1717243233.760000) can0 100#B418870100000000
(1717243233.780000) can0 100#AD18890100000000
(1717243233.800000) can0 100#A6188B0100000000
(1717243233.803000) can0 200#D00D4600B5000000
(1717243233.807000) can0 300#FF004E0400000000
(1717243233.820000) can0 100#9E188E0100000000
(1717243233.840000) can0 100#9718900100000000
(1717243233.857000) can0 300#FE004E0400000000
(1717243233.860000) can0 100#9018920100000000
(1717243233.880000) can0 100#8818940100000000
(1717243233.900000) can0 100#8118960100000000
(1717243233.903000) can0 200#D00D4800B5000000
(1717243233.907000) can0 300#FC004E0400000000
(1717243233.920000) can0 100#7918980100000000
(1717243233.940000) can0 100#72189A0100000000
(1717243233.957000) can0 300#FB004E0400000000
(1717243233.960000) can0 100#6A189C0100000000
(1717243233.980000) can0 100#62189E0100000000
(1717243234.000000) can0 100#5A18A10100000000
(1717243234.003000) can0 200#D00D4B00B5000000
(1717243234.007000) can0 300#F9004E0400000000
(1717243234.020000) can0 100#5218A30100000000
(1717243234.040000) can0 100#4A18A50100000000
(1717243234.057000) can0 300#F8004E0400000000
(1717243234.060000) can0 100#4118A70100000000
(1717243234.080000) can0 100#3918A90100000000
(1717243234.100000) can0 100#3018AC0100000000
(1717243234.103000) can0 200#D00D4E00B5000000
(1717243234.107000) can0 300#F7004E0400000000
(1717243234.120000) can0 100#2818AE0100000000
(1717243234.140000) can0 100#1F18B00100000000
(1717243234.157000) can0 300#F5004E0400000000
(1717243234.160000) can0 100#1618B20100000000
(1717243234.180000) can0 100#0D18B50100000000
(1717243234.200000) can0 100#0418B70100000000
(1717243234.203000) can0 200#D10D5200B5000000
(1717243234.207000) can0 300#F4004E0400000000
(1717243234.220000) can0 100#FB17B90100000000
(1717243234.240000) can0 100#F217BC0100000000
(1717243234.257000) can0 300#F3004E0400000000
(1717243234.260000) can0 100#E817BE0100000000
(1717243234.280000) can0 100#DF17C00100000000
(1717243234.300000) can0 100#D517C30100000000
(1717243234.303000) can0 200#D10D5500B5000000
(1717243234.307000) can0 300#F1004E0400000000
(1717243234.320000) can0 100#CC17C50100000000
(1717243234.340000) can0 100#C217C70100000000
(1717243234.357000) can0 300#F0004E0400000000
(1717243234.360000) can0 100#B817CA0100000000
(1717243234.380000) can0 100#AE17CC0100000000
(1717243234.400000) can0 100#A417CE0100000000
(1717243234.403000) can0 200#D10D5900B5000000
(1717243234.407000) can0 300#EE004E0400000000
(1717243234.420000) can0 100#9917D10100000000
(1717243234.440000) can0 100#8F17D30100000000
(1717243234.457000) can0 300#ED004E0400000000
(1717243234.460000) can0 100#8417D60100000000
(1717243234.480000) can0 100#7A17D80100000000
(1717243234.500000) can0 100#6F17DA0100000000
(1717243234.503000) can0 200#D10D5D00B5000000
(1717243234.507000) can0 300#EC004E0400000000
(1717243234.520000) can0 100#6417DD0100000000
(1717243234.540000) can0 100#5917DF0100000000
(1717243234.557000) can0 300#EA004E0400000000
(1717243234.560000) can0 100#4E17E10100000000
(1717243234.580000) can0 100#4317E40100000000
(1717243234.600000) can0 100#3817E60100000000
(1717243234.603000) can0 200#D10D6200B5000000
(1717243234.607000) can0 300#E9004E0400000000
(1717243234.620000) can0 100#2C17E90100000000
(1717243234.640000) can0 100#2117EB0100000000
(1717243234.657000) can0 300#E8004E0400000000
(1717243234.660000) can0 100#1517ED0100000000
(1717243234.680000) can0 100#0917F00100000000
(1717243234.700000) can0 100#FD16F20100000000
(1717243234.703000) can0 200#D10D6600B5000000
(1717243234.707000) can0 300#E6004E0400000000
(1717243234.720000) can0 100#F116F50100000000
(1717243234.740000) can0 100#E516F70100000000
(1717243234.757000) can0 300#E5004E0400000000
(1717243234.760000) can0 100#D916F90100000000
(1717243234.780000) can0 100#CC16FC0100000000
(1717243234.800000) can0 100#C016FE0100000000
(1717243234.803000) can0 200#D10D6A00B5000000
(1717243234.807000) can0 300#E4004E0400000000
(1717243234.820000) can0 100#B316010200000000
(1717243234.840000) can0 100#A616030200000000
(1717243234.857000) can0 300#E2004E0400000000
(1717243234.860000) can0 100#9916050200000000
(1717243234.880000) can0 100#8C16080200000000
(1717243234.900000) can0 100#7F160A0200000000
(1717243234.903000) can0 200#D20D6F00B5000000
(1717243234.907000) can0 300#E1004E0400000000
(1717243234.920000) can0 100#72160C0200000000
(1717243234.940000) can0 100#65160F0200000000
(1717243234.957000) can0 300#E0004E0400000000
(1717243234.960000) can0 100#5716110200000000
(1717243234.980000) can0 100#4A16130200000000
(1717243235.000000) can0 100#3C16160200000000
(1717243235.003000) can0 200#D20D7400B4000000
(1717243235.007000) can0 300#DF004E0400000000
(1717243235.020000) can0 100#2E16180200000000
(1717243235.040000) can0 100#20161A0200000000
(1717243235.057000) can0 300#DD004E0400000000
(1717243235.060000) can0 100#12161C0200000000
(1717243235.080000) can0 100#04161F0200000000
(1717243235.100000) can0 100#F615210200000000
(1717243235.103000) can0 200#D20D7900B4000000
(1717243235.107000) can0 300#DC004E0400000000
(1717243235.120000) can0 100#E815230200000000
(1717243235.140000) can0 100#D915250200000000
(1717243235.157000) can0 300#DB004E0400000000
(1717243235.160000) can0 100#CA15280200000000
(1717243235.180000) can0 100#BC152A0200000000
(1717243235.200000) can0 100#AD152C0200000000
(1717243235.203000) can0 200#D20D7E00B4000000
(1717243235.207000) can0 300#DA004E0400000000
(1717243235.220000) can0 100#9E152E0200000000
(1717243235.240000) can0 100#8F15300200000000
(1717243235.257000) can0 300#D8004E0400000000
(1717243235.260000) can0 100#8015320200000000
(1717243235.280000) can0 100#7115350200000000
(1717243235.300000) can0 100#6115370200000000
(1717243235.303000) can0 200#D20D8300B4000000
(1717243235.307000) can0 300#D7004E0400000000
(1717243235.320000) can0 100#5215390200000000
(1717243235.340000) can0 100#42153B0200000000
(1717243235.357000) can0 300#D6004E0400000000
(1717243235.360000) can0 100#33153D0200000000
(1717243235.380000) can0 100#23153F0200000000
(1717243235.400000) can0 100#1315410200000000
(1717243235.403000) can0 200#D20D8800B4000000
(1717243235.407000) can0 300#D5004E0400000000
(1717243235.420000) can0 100#0315430200000000
(1717243235.440000) can0 100#F314450200000000
(1717243235.457000) can0 300#D3004E0400000000
(1717243235.460000) can0 100#E314470200000000
(1717243235.480000) can0 100#D314490200000000
(1717243235.500000) can0 100#C3144B0200000000
(1717243235.503000) can0 200#D30D8D00B4000000
(1717243235.507000) can0 300#D2004E0400000000
(1717243235.520000) can0 100#B2144D0200000000
(1717243235.540000) can0 100#A2144F0200000000
(1717243235.557000) can0 300#D1004E0400000000
(1717243235.560000) can0 100#9114510200000000
(1717243235.580000) can0 100#8014520200000000
(1717243235.600000) can0 100#7014540200000000
(1717243235.603000) can0 200#D30D9200B4000000
(1717243235.607000) can0 300#D0004E0400000000
(1717243235.620000) can0 100#5F14560200000000
(1717243235.640000) can0 100#4E14580200000000
(1717243235.657000) can0 300#CF004E0400000000
(1717243235.660000) can0 100#3D145A0200000000
(1717243235.680000) can0 100#2C145B0200000000
(1717243235.700000) can0 100#1B145D0200000000
(1717243235.703000) can0 200#D30D9600B4000000
(1717243235.707000) can0 300#CD004E0400000000
(1717243235.720000) can0 100#09145F0200000000
(1717243235.740000) can0 100#F813610200000000
(1717243235.757000) can0 300#CC004E0400000000
(1717243235.760000) can0 100#E713620200000000
(1717243235.780000) can0 100#D513640200000000
(1717243235.800000) can0 100#C413660200000000
(1717243235.803000) can0 200#D30D9B00B4000000
(1717243235.807000) can0 300#CB004E0400000000
(1717243235.820000) can0 100#B213670200000000
(1717243235.840000) can0 100#A013690200000000
(1717243235.857000) can0 300#CA004E0400000000
(1717243235.860000) can0 100#8F136A0200000000
(1717243235.880000) can0 100#7D136C0200000000
(1717243235.900000) can0 100#6B136D0200000000
(1717243235.903000) can0 200#D30DA000B4000000
(1717243235.907000) can0 300#C9004E0400000000
(1717243235.920000) can0 100#59136F0200000000
(1717243235.940000) can0 100#4713700200000000
(1717243235.957000) can0 300#C8004E0400000000
(1717243235.960000) can0 100#3513720200000000
(1717243235.980000) can0 100#2313730200000000
(1717243236.000000) can0 100#1113740200000000
(1717243236.003000) can0 200#D30DA500B4000000
(1717243236.007000) can0 300#C6004E0400000000
(1717243236.020000) can0 100#FF12760200000000
(1717243236.040000) can0 100#EC12770200000000
(1717243236.057000) can0 300#C5004E0400000000
(1717243236.060000) can0 100#DA12780200000000
(1717243236.080000) can0 100#C8127A0200000000
(1717243236.100000) can0 100#B5127B0200000000
(1717243236.103000) can0 200#D40DA900B4000000
(1717243236.107000) can0 300#C4004E0400000000
(1717243236.120000) can0 100#A3127C0200000000
(1717243236.140000) can0 100#91127D0200000000
(1717243236.157000) can0 300#C3004E0400000000
(1717243236.160000) can0 100#7E127E0200000000
(1717243236.180000) can0 100#6B12800200000000
(1717243236.200000) can0 100#5912810200000000
(1717243236.203000) can0 200#D40DAD00B4000000
(1717243236.207000) can0 300#C2004E0400000000
(1717243236.220000) can0 100#4612820200000000
(1717243236.240000) can0 100#3412830200000000
(1717243236.257000) can0 300#C1004E0400000000
(1717243236.260000) can0 100#2112840200000000
(1717243236.280000) can0 100#0E12850200000000
(1717243236.300000) can0 100#FC11860200000000
(1717243236.303000) can0 200#D40DB200B4000000
(1717243236.307000) can0 300#C0004E0400000000
(1717243236.320000) can0 100#E911870200000000
(1717243236.340000) can0 100#D611880200000000
(1717243236.357000) can0 300#BF004E0400000000
(1717243236.360000) can0 100#C311890200000000
(1717243236.380000) can0 100#B1118A0200000000
(1717243236.400000) can0 100#9E118A0200000000
(1717243236.403000) can0 200#D40DB600B4000000
(1717243236.407000) can0 300#BE004E0400000000
(1717243236.420000) can0 100#8B118B0200000000
(1717243236.440000) can0 100#78118C0200000000
(1717243236.457000) can0 300#BC004E0400000000
(1717243236.460000) can0 100#65118D0200000000
(1717243236.480000) can0 100#53118E0200000000
(1717243236.500000) can0 100#40118E0200000000
(1717243236.503000) can0 200#D40DBA00B4000000
(1717243236.507000) can0 300#BB004E0400000000
(1717243236.520000) can0 100#2D118F0200000000
(1717243236.540000) can0 100#1A11900200000000
(1717243236.557000) can0 300#BA004E0400000000
(1717243236.560000) can0 100#0711900200000000
(1717243236.580000) can0 100#F510910200000000
(1717243236.600000) can0 100#E210920200000000
(1717243236.603000) can0 200#D40DBD00B4000000
(1717243236.607000) can0 300#B9004E0400000000
(1717243236.620000) can0 100#CF10920200000000
(1717243236.640000) can0 100#BC10930200000000
(1717243236.657000) can0 300#B8004E0400000000
(1717243236.660000) can0 100#A910930200000000
(1717243236.680000) can0 100#9710940200000000
(1717243236.700000) can0 100#8410940200000000
(1717243236.703000) can0 200#D50DC100B4000000
(1717243236.707000) can0 300#B7004E0400000000
(1717243236.720000) can0 100#7110950200000000
(1717243236.740000) can0 100#5F10950200000000
(1717243236.757000) can0 300#B6004E0400000000
(1717243236.760000) can0 100#4C10960200000000
(1717243236.780000) can0 100#3910960200000000
(1717243236.800000) can0 100#2710960200000000
(1717243236.803000) can0 200#D50DC400B4000000
(1717243236.807000) can0 300#B5004E0400000000
(1717243236.820000) can0 100#1410970200000000
(1717243236.840000) can0 100#0210970200000000
(1717243236.857000) can0 300#B4004E0400000000
(1717243236.860000) can0 100#EF0F970200000000
(1717243236.880000) can0 100#DD0F970200000000
(1717243236.900000) can0 100#CA0F980200000000
(1717243236.903000) can0 200#D50DC700B4000000
(1717243236.907000) can0 300#B3004E0400000000
(1717243236.920000) can0 100#B80F980200000000
(1717243236.940000) can0 100#A60F980200000000
(1717243236.957000) can0 300#B2004E0400000000
(1717243236.960000) can0 100#930F980200000000
(1717243236.980000) can0 100#810F980200000000
(1717243237.000000) can0 100#6F0F990200000000
(1717243237.003000) can0 200#D50DC900B4000000
(1717243237.007000) can0 300#B1004F0400000000
(1717243237.020000) can0 100#5D0F990200000000
(1717243237.040000) can0 100#4B0F990200000000
(1717243237.057000) can0 300#B0004F0400000000
(1717243237.060000) can0 100#390F990200000000
(1717243237.080000) can0 100#270F990200000000
(1717243237.100000) can0 100#150F990200000000
(1717243237.103000) can0 200#D50DCC00B4000000
(1717243237.107000) can0 300#AF004F0400000000
(1717243237.120000) can0 100#030F990200000000
(1717243237.140000) can0 100#F20E990200000000
(1717243237.157000) can0 300#AE004F0400000000
(1717243237.160000) can0 100#E00E990200000000
(1717243237.180000) can0 100#CF0E990200000000
(1717243237.200000) can0 100#BD0E990200000000
(1717243237.203000) can0 200#D60DCE00B4000000
(1717243237.207000) can0 300#AD004F0400000000
(1717243237.220000) can0 100#AC0E990200000000
(1717243237.240000) can0 100#9A0E990200000000
(1717243237.257000) can0 300#AC004F0400000000
(1717243237.260000) can0 100#890E980200000000
(1717243237.280000) can0 100#780E980200000000
(1717243237.300000) can0 100#670E980200000000
(1717243237.303000) can0 200#D60DD000B4000000
(1717243237.307000) can0 300#AB004F0400000000
(1717243237.320000) can0 100#560E980200000000
(1717243237.340000) can0 100#450E980200000000
(1717243237.357000) can0 300#AA004F0400000000
(1717243237.360000) can0 100#340E980200000000
(1717243237.380000) can0 100#230E970200000000
(1717243237.400000) can0 100#130E970200000000
(1717243237.403000) can0 200#D60DD100B4000000
(1717243237.407000) can0 300#A9004F0400000000
(1717243237.420000) can0 100#020E970200000000
(1717243237.440000) can0 100#F20D970200000000
(1717243237.457000) can0 300#A9004F0400000000
(1717243237.460000) can0 100#E10D960200000000
(1717243237.480000) can0 100#D10D960200000000
(1717243237.500000) can0 100#C10D960200000000
(1717243237.503000) can0 200#D60DD300B4000000
(1717243237.507000) can0 300#A8004F0400000000
(1717243237.520000) can0 100#B10D960200000000
(1717243237.540000) can0 100#A10D950200000000
(1717243237.557000) can0 300#A7004F0400000000
(1717243237.560000) can0 100#910D950200000000
(1717243237.580000) can0 100#820D950200000000
(1717243237.600000) can0 100#720D940200000000
(1717243237.603000) can0 200#D60DD400B4000000
(1717243237.607000) can0 300#A6004F0400000000
(1717243237.620000) can0 100#630D940200000000
(1717243237.640000) can0 100#530D930200000000
(1717243237.657000) can0 300#A5004F0400000000
(1717243237.660000) can0 100#440D930200000000
(1717243237.680000) can0 100#350D930200000000
(1717243237.700000) can0 100#260D920200000000
(1717243237.703000) can0 200#D60DD500B4000000
(1717243237.707000) can0 300#A4004F0400000000
(1717243237.720000) can0 100#170D920200000000
(1717243237.740000) can0 100#090D910200000000
(1717243237.757000) can0 300#A3004F0400000000
(1717243237.760000) can0 100#FA0C910200000000
(1717243237.780000) can0 100#EB0C910200000000
(1717243237.800000) can0 100#DD0C900200000000
(1717243237.803000) can0 200#D70DD500B4000000
(1717243237.807000) can0 300#A2004F0400000000
(1717243237.820000) can0 100#CF0C900200000000
(1717243237.840000) can0 100#C10C8F0200000000
(1717243237.857000) can0 300#A2004F0400000000
(1717243237.860000) can0 100#B30C8F0200000000
(1717243237.880000) can0 100#A50C8E0200000000
(1717243237.900000) can0 100#980C8E0200000000
(1717243237.903000) can0 200#D70DD600B4000000
(1717243237.907000) can0 300#A1004F0400000000
(1717243237.920000) can0 100#8A0C8E0200000000
(1717243237.940000) can0 100#7D0C8D0200000000
(1717243237.957000) can0 300#A0004F0400000000
(1717243237.960000) can0 100#6F0C8D0200000000
(1717243237.980000) can0 100#620C8C0200000000
(1717243238.000000) can0 100#550C8C0200000000
(1717243238.003000) can0 200#D70DD600B4000000
(1717243238.007000) can0 300#9F004F0400000000
(1717243238.020000) can0 100#490C8B0200000000
(1717243238.040000) can0 100#3C0C8B0200000000
(1717243238.057000) can0 300#9E004F0400000000
(1717243238.060000) can0 100#300C8A0200000000
(1717243238.080000) can0 100#230C8A0200000000
(1717243238.100000) can0 100#170C890200000000
(1717243238.103000) can0 200#D70DD600B4000000
(1717243238.107000) can0 300#9D004F0400000000
(1717243238.120000) can0 100#0B0C890200000000
(1717243238.140000) can0 100#FF0B880200000000
(1717243238.157000) can0 300#9D004F0400000000
(1717243238.160000) can0 100#F30B880200000000
(1717243238.180000) can0 100#E80B880200000000
(1717243238.200000) can0 100#DD0B870200000000
(1717243238.203000) can0 200#D70DD500B4000000
(1717243238.207000) can0 300#9C004F0400000000
(1717243238.220000) can0 100#D10B870200000000
(1717243238.240000) can0 100#C60B860200000000
(1717243238.257000) can0 300#9B004F0400000000
(1717243238.260000) can0 100#BB0B860200000000
(1717243238.280000) can0 100#B10B850200000000
(1717243238.300000) can0 100#A60B850200000000
(1717243238.303000) can0 200#D80DD500B4000000
(1717243238.307000) can0 300#9A004F0400000000
(1717243238.320000) can0 100#9C0B840200000000
(1717243238.340000) can0 100#910B840200000000
(1717243238.357000) can0 300#9A004F0400000000
(1717243238.360000) can0 100#870B840200000000
(1717243238.380000) can0 100#7D0B830200000000
(1717243238.400000) can0 100#730B830200000000
(1717243238.403000) can0 200#D80DD400B4000000
(1717243238.407000) can0 300#99004F0400000000
(1717243238.420000) can0 100#6A0B820200000000
(1717243238.440000) can0 100#600B820200000000
(1717243238.457000) can0 300#98004F0400000000
(1717243238.460000) can0 100#570B820200000000
(1717243238.480000) can0 100#4E0B810200000000
(1717243238.500000) can0 100#450B810200000000
(1717243238.503000) can0 200#D80DD300B4000000
(1717243238.507000) can0 300#97004F0400000000
(1717243238.520000) can0 100#3C0B810200000000
(1717243238.540000) can0 100#340B800200000000
(1717243238.557000) can0 300#97004F0400000000
(1717243238.560000) can0 100#2B0B800200000000
(1717243238.580000) can0 100#230B800200000000
(1717243238.600000) can0 100#1B0B7F0200000000
(1717243238.603000) can0 200#D80DD200B4000000
(1717243238.607000) can0 300#96004F0400000000
(1717243238.620000) can0 100#130B7F0200000000
(1717243238.640000) can0 100#0B0B7F0200000000
(1717243238.657000) can0 300#95004F0400000000
(1717243238.660000) can0 100#040B7F0200000000
(1717243238.680000) can0 100#FD0A7E0200000000
(1717243238.700000) can0 100#F50A7E0200000000
(1717243238.703000) can0 200#D80DD000B4000000
(1717243238.707000) can0 300#94004F0400000000
(1717243238.720000) can0 100#EE0A7E0200000000
(1717243238.740000) can0 100#E70A7E0200000000
(1717243238.757000) can0 300#94004F0400000000
(1717243238.760000) can0 100#E10A7E0200000000
(1717243238.780000) can0 100#DA0A7E0200000000
(1717243238.800000) can0 100#D40A7D0200000000
(1717243238.803000) can0 200#D80DCF00B4000000
(1717243238.807000) can0 300#93004F0400000000
(1717243238.820000) can0 100#CE0A7D0200000000
(1717243238.840000) can0 100#C80A7D0200000000
(1717243238.857000) can0 300#92004F0400000000
(1717243238.860000) can0 100#C20A7D0200000000
(1717243238.880000) can0 100#BC0A7D0200000000
(1717243238.900000) can0 100#B70A7D0200000000
(1717243238.903000) can0 200#D90DCD00B4000000
(1717243238.907000) can0 300#92004F0400000000
(1717243238.920000) can0 100#B20A7D0200000000
(1717243238.940000) can0 100#AD0A7D0200000000
(1717243238.957000) can0 300#91004F0400000000
(1717243238.960000) can0 100#A80A7D0200000000
(1717243238.980000) can0 100#A30A7D0200000000
(1717243239.000000) can0 100#9E0A7D0200000000
(1717243239.003000) can0 200#D90DCC00B4000000
(1717243239.007000) can0 300#90004F0400000000
(1717243239.020000) can0 100#9A0A7D0200000000
(1717243239.040000) can0 100#960A7D0200000000
(1717243239.057000) can0 300#90004F0400000000
(1717243239.060000) can0 100#920A7D0200000000
(1717243239.080000) can0 100#8E0A7D0200000000
(1717243239.100000) can0 100#8A0A7D0200000000
(1717243239.103000) can0 200#D90DCA00B4000000
(1717243239.107000) can0 300#8F004F0400000000
(1717243239.120000) can0 100#860A7E0200000000
(1717243239.140000) can0 100#830A7E0200000000
(1717243239.157000) can0 300#8E004F0400000000
(1717243239.160000) can0 100#800A7E0200000000
(1717243239.180000) can0 100#7D0A7E0200000000
(1717243239.200000) can0 100#7A0A7F0200000000
(1717243239.203000) can0 200#D90DC800B4000000
(1717243239.207000) can0 300#8E004F0400000000
(1717243239.220000) can0 100#770A7F0200000000
(1717243239.240000) can0 100#750A7F0200000000
(1717243239.257000) can0 300#8D004F0400000000
(1717243239.260000) can0 100#720A7F0200000000
(1717243239.280000) can0 100#700A800200000000
(1717243239.300000) can0 100#6E0A800200000000
(1717243239.303000) can0 200#D90DC600B4000000
(1717243239.307000) can0 300#8D004F0400000000
(1717243239.320000) can0 100#6C0A810200000000
(1717243239.340000) can0 100#6B0A810200000000
(1717243239.357000) can0 300#8C004F0400000000
(1717243239.360000) can0 100#690A810200000000
(1717243239.380000) can0 100#680A820200000000
(1717243239.400000) can0 100#660A820200000000
(1717243239.403000) can0 200#D90DC400B4000000
(1717243239.407000) can0 300#8C004F0400000000
(1717243239.420000) can0 100#650A830200000000
(1717243239.440000) can0 100#640A830200000000
(1717243239.457000) can0 300#8B004F0400000000
(1717243239.460000) can0 100#640A840200000000
(1717243239.480000) can0 100#630A840200000000
(1717243239.500000) can0 100#630A850200000000
(1717243239.503000) can0 200#DA0DC200B4000000
(1717243239.507000) can0 300#8A004F0400000000
(1717243239.520000) can0 100#620A860200000000
(1717243239.540000) can0 100#620A860200000000
(1717243239.557000) can0 300#8A004F0400000000
(1717243239.560000) can0 100#620A870200000000
(1717243239.580000) can0 100#630A880200000000
(1717243239.600000) can0 100#630A890200000000
(1717243239.603000) can0 200#DA0DC000B4000000
(1717243239.607000) can0 300#89004F0400000000
(1717243239.620000) can0 100#630A890200000000
(1717243239.640000) can0 100#640A8A0200000000
(1717243239.657000) can0 300#89004F0400000000
(1717243239.660000) can0 100#650A8B0200000000
(1717243239.680000) can0 100#660A8C0200000000
(1717243239.700000) can0 100#670A8D0200000000
(1717243239.703000) can0 200#DA0DBE00B4000000
(1717243239.707000) can0 300#88004F0400000000
(1717243239.720000) can0 100#680A8D0200000000
(1717243239.740000) can0 100#690A8E0200000000
(1717243239.757000) can0 300#88004F0400000000
(1717243239.760000) can0 100#6B0A8F0200000000
(1717243239.780000) can0 100#6D0A900200000000
(1717243239.800000) can0 100#6E0A910200000000
(1717243239.803000) can0 200#DA0DBC00B4000000
(1717243239.807000) can0 300#87004F0400000000
(1717243239.820000) can0 100#700A920200000000
(1717243239.840000) can0 100#720A930200000000
(1717243239.857000) can0 300#87004F0400000000
(1717243239.860000) can0 100#750A940200000000
(1717243239.880000) can0 100#770A950200000000
(1717243239.900000) can0 100#790A970200000000
(1717243239.903000) can0 200#DA0DBB00B4000000
(1717243239.907000) can0 300#86004F0400000000
(1717243239.920000) can0 100#7C0A980200000000
(1717243239.940000) can0 100#7F0A990200000000
(1717243239.957000) can0 300#86004F0400000000
(1717243239.960000) can0 100#810A9A0200000000
(1717243239.980000) can0 100#840A9B0200000000
(1717243240.000000) can0 100#870A9C0200000000
(1717243240.003000) can0 200#DA0DB900B4000000
(1717243240.007000) can0 300#85004F0400000000
(1717243240.020000) can0 100#8B0A9E0200000000
(1717243240.040000) can0 100#8E0A9F0200000000
(1717243240.057000) can0 300#85004F0400000000
(1717243240.060000) can0 100#910AA00200000000
(1717243240.080000) can0 100#950AA20200000000
(1717243240.100000) can0 100#990AA30200000000
(1717243240.103000) can0 200#DB0DB700B4000000
(1717243240.107000) can0 300#84004F0400000000
(1717243240.120000) can0 100#9C0AA40200000000
(1717243240.140000) can0 100#A00AA60200000000
(1717243240.157000) can0 300#84004F0400000000
(1717243240.160000) can0 100#A40AA70200000000
(1717243240.180000) can0 100#A80AA90200000000
(1717243240.200000) can0 100#AC0AAA0200000000
(1717243240.203000) can0 200#DB0DB600B4000000
(1717243240.207000) can0 300#84004F0400000000
(1717243240.220000) can0 100#B10AAC0200000000
(1717243240.240000) can0 100#B50AAD0200000000
(1717243240.257000) can0 300#83004F0400000000
(1717243240.260000) can0 100#BA0AAF0200000000
(1717243240.280000) can0 100#BE0AB00200000000
(1717243240.300000) can0 100#C30AB20200000000
(1717243240.303000) can0 200#DB0DB500B4000000
(1717243240.307000) can0 300#83004F0400000000
(1717243240.320000) can0 100#C80AB30200000000
(1717243240.340000) can0 100#CC0AB50200000000
(1717243240.357000) can0 300#82004F0400000000
(1717243240.360000) can0 100#D10AB70200000000
(1717243240.380000) can0 100#D60AB80200000000
(1717243240.400000) can0 100#DC0ABA0200000000
(1717243240.403000) can0 200#DB0DB400B4000000
(1717243240.407000) can0 300#82004F0400000000
(1717243240.420000) can0 100#E10ABC0200000000
(1717243240.440000) can0 100#E60ABE0200000000
(1717243240.457000) can0 300#82004F0400000000
(1717243240.460000) can0 100#EB0ABF0200000000
(1717243240.480000) can0 100#F10AC10200000000
(1717243240.500000) can0 100#F60AC30200000000
(1717243240.503000) can0 200#DB0DB300B4000000
(1717243240.507000) can0 300#81004F0400000000
(1717243240.520000) can0 100#FC0AC50200000000
(1717243240.540000) can0 100#020BC70200000000
(1717243240.557000) can0 300#81004F0400000000
(1717243240.560000) can0 100#070BC80200000000
(1717243240.580000) can0 100#0D0BCA0200000000
(1717243240.600000) can0 100#130BCC0200000000
(1717243240.603000) can0 200#DB0DB200B4000000
(1717243240.607000) can0 300#80004F0400000000
(1717243240.620000) can0 100#190BCE0200000000
(1717243240.640000) can0 100#1F0BD00200000000
(1717243240.657000) can0 300#80004F0400000000
(1717243240.660000) can0 100#250BD20200000000
(1717243240.680000) can0 100#2B0BD40200000000
(1717243240.700000) can0 100#310BD60200000000
(1717243240.703000) can0 200#DC0DB200B4000000
(1717243240.707000) can0 300#80004F0400000000
(1717243240.720000) can0 100#370BD80200000000
(1717243240.740000) can0 100#3D0BDA0200000000
(1717243240.757000) can0 300#7F004F0400000000
(1717243240.760000) can0 100#440BDC0200000000
(1717243240.780000) can0 100#4A0BDE0200000000
(1717243240.800000) can0 100#500BE00200000000
(1717243240.803000) can0 200#DC0DB100B4000000
(1717243240.807000) can0 300#7F004F0400000000
(1717243240.820000) can0 100#570BE20200000000
(1717243240.840000) can0 100#5D0BE40200000000
(1717243240.857000) can0 300#7F004F0400000000
(1717243240.860000) can0 100#640BE60200000000
(1717243240.880000) can0 100#6A0BE80200000000
(1717243240.900000) can0 100#710BEA0200000000
(1717243240.903000) can0 200#DC0DB200B4000000
(1717243240.907000) can0 300#7F004F0400000000
(1717243240.920000) can0 100#770BEC0200000000
(1717243240.940000) can0 100#7E0BEF0200000000
(1717243240.957000) can0 300#7E004F0400000000
(1717243240.960000) can0 100#840BF10200000000
(1717243240.980000) can0 100#8B0BF30200000000
(1717243241.000000) can0 100#920BF50200000000
(1717243241.003000) can0 200#DC0DB200B4000000
(1717243241.007000) can0 300#7E004F0400000000
(1717243241.020000) can0 100#980BF70200000000
(1717243241.040000) can0 100#9F0BF90200000000
(1717243241.057000) can0 300#7E004F0400000000
(1717243241.060000) can0 100#A60BFB0200000000
(1717243241.080000) can0 100#AC0BFE0200000000
(1717243241.100000) can0 100#B30B000300000000
(1717243241.103000) can0 200#DC0DB300B4000000
(1717243241.107000) can0 300#7D004F0400000000
(1717243241.120000) can0 100#BA0B020300000000
(1717243241.140000) can0 100#C10B040300000000
(1717243241.157000) can0 300#7D004F0400000000
(1717243241.160000) can0 100#C70B070300000000
(1717243241.180000) can0 100#CE0B090300000000
(1717243241.200000) can0 100#D50B0B0300000000
(1717243241.203000) can0 200#DC0DB300B4000000
(1717243241.207000) can0 300#7D004F0400000000
(1717243241.220000) can0 100#DC0B0D0300000000
(1717243241.240000) can0 100#E20B0F0300000000
(1717243241.257000) can0 300#7D004F0400000000
(1717243241.260000) can0 100#E90B120300000000
(1717243241.280000) can0 100#F00B140300000000
(1717243241.300000) can0 100#F60B160300000000
(1717243241.303000) can0 200#DD0DB500B4000000
(1717243241.307000) can0 300#7D004F0400000000
(1717243241.320000) can0 100#FD0B180300000000
(1717243241.340000) can0 100#040C1B0300000000
(1717243241.357000) can0 300#7C004F0400000000
(1717243241.360000) can0 100#0A0C1D0300000000
(1717243241.380000) can0 100#110C1F0300000000
(1717243241.400000) can0 100#180C210300000000
(1717243241.403000) can0 200#DD0DB600B4000000
(1717243241.407000) can0 300#7C004F0400000000
(1717243241.420000) can0 100#1E0C240300000000
(1717243241.440000) can0 100#250C260300000000
(1717243241.457000) can0 300#7C004F0400000000
(1717243241.460000) can0 100#2B0C280300000000
(1717243241.480000) can0 100#320C2B0300000000
(1717243241.500000) can0 100#380C2D0300000000
(1717243241.503000) can0 200#DD0DB800B4000000
(1717243241.507000) can0 300#7C004F0400000000
(1717243241.520000) can0 100#3F0C2F0300000000
(1717243241.540000) can0 100#450C310300000000
(1717243241.557000) can0 300#7C004F0400000000
(1717243241.560000) can0 100#4C0C340300000000
(1717243241.580000) can0 100#520C360300000000
(1717243241.600000) can0 100#580C380300000000
(1717243241.603000) can0 200#DD0DBA00B4000000
(1717243241.607000) can0 300#7B004F0400000000
(1717243241.620000) can0 100#5E0C3A0300000000
(1717243241.640000) can0 100#650C3C0300000000
(1717243241.657000) can0 300#7B004F0400000000
(1717243241.660000) can0 100#6B0C3F0300000000
(1717243241.680000) can0 100#710C410300000000
(1717243241.700000) can0 100#770C430300000000
(1717243241.703000) can0 200#DD0DBD00B4000000
(1717243241.707000) can0 300#7B004F0400000000
(1717243241.720000) can0 100#7D0C450300000000
(1717243241.740000) can0 100#830C470300000000
(1717243241.757000) can0 300#7B004F0400000000
(1717243241.760000) can0 100#890C4A0300000000
(1717243241.780000) can0 100#8E0C4C0300000000
(1717243241.800000) can0 100#940C4E0300000000
(1717243241.803000) can0 200#DD0DC000B4000000
(1717243241.807000) can0 300#7B004F0400000000
(1717243241.820000) can0 100#9A0C500300000000
(1717243241.840000) can0 100#A00C520300000000
(1717243241.857000) can0 300#7B004F0400000000
(1717243241.860000) can0 100#A50C540300000000
(1717243241.880000) can0 100#AB0C570300000000
(1717243241.900000) can0 100#B00C590300000000
(1717243241.903000) can0 200#DD0DC300B4000000
(1717243241.907000) can0 300#7B004F0400000000
(1717243241.920000) can0 100#B60C5B0300000000
(1717243241.940000) can0 100#BB0C5D0300000000
(1717243241.957000) can0 300#7B004F0400000000
(1717243241.960000) can0 100#C00C5F0300000000
(1717243241.980000) can0 100#C50C610300000000
(1717243249.500000) can0 100#1514F20300000000
(1717243249.503000) can0 200#DF0DD301B3000000
(1717243249.507000) can0 300#D7004F0400000000
(1717243249.520000) can0 100#2914F20300000000
(1717243249.540000) can0 100#3D14F30300000000
(1717243249.557000) can0 300#D8004F0400000000
(1717243249.560000) can0 100#5114F30300000000
(1717243249.580000) can0 100#6514F40300000000
(1717243249.600000) can0 100#7914F40300000000
(1717243249.603000) can0 200#DF0DD301B3000000
(1717243249.607000) can0 300#D9004F0400000000
(1717243249.620000) can0 100#8C14F50300000000
(1717243249.640000) can0 100#A014F50300000000
(1717243249.657000) can0 300#DB004F0400000000
(1717243249.660000) can0 100#B414F50300000000
(1717243249.680000) can0 100#C714F60300000000
(1717243249.700000) can0 100#DB14F60300000000
(1717243249.703000) can0 200#DF0DD401B3000000
(1717243249.707000) can0 300#DC004F0400000000
(1717243249.720000) can0 100#EE14F60300000000
(1717243249.740000) can0 100#0215F70300000000
(1717243249.757000) can0 300#DD004F0400000000
(1717243249.760000) can0 100#1515F70300000000
(1717243249.780000) can0 100#2915F70300000000
(1717243249.800000) can0 100#3C15F70300000000
(1717243249.803000) can0 200#DF0DD501B3000000
(1717243249.807000) can0 300#DE004F0400000000
(1717243249.820000) can0 100#4F15F70300000000
(1717243249.840000) can0 100#6215F70300000000
(1717243249.857000) can0 300#E0004F0400000000
(1717243249.860000) can0 100#7615F70300000000
(1717243249.880000) can0 100#8915F70300000000
(1717243249.900000) can0 100#9C15F70300000000
(1717243249.903000) can0 200#DF0DD601B3000000
(1717243249.907000) can0 300#E1004F0400000000
(1717243249.920000) can0 100#AF15F70300000000
(1717243249.940000) can0 100#C115F70300000000
(1717243249.957000) can0 300#E2004F0400000000
(1717243249.960000) can0 100#D415F70300000000
(1717243249.980000) can0 100#E715F70300000000
(1717243250.000000) can0 100#FA15F70300000000
(1717243250.003000) can0 200#DF0DD701B3000000
(1717243250.007000) can0 300#E4004F0400000000
(1717243250.020000) can0 100#0C16F70300000000
(1717243250.040000) can0 100#1F16F70300000000
(1717243250.057000) can0 300#E5004F0400000000
(1717243250.060000) can0 100#3116F70300000000
(1717243250.080000) can0 100#4416F60300000000
(1717243250.100000) can0 100#5616F60300000000
(1717243250.103000) can0 200#DF0DD901B3000000
(1717243250.107000) can0 300#E6004F0400000000
(1717243250.120000) can0 100#6816F60300000000
(1717243250.140000) can0 100#7A16F50300000000
(1717243250.157000) can0 300#E7004F0400000000
(1717243250.160000) can0 100#8C16F50300000000
(1717243250.180000) can0 100#9E16F50300000000
(1717243250.200000) can0 100#B016F40300000000
(1717243250.203000) can0 200#DE0DDA01B3000000
(1717243250.207000) can0 300#E9004F0400000000
(1717243250.220000) can0 100#C216F40300000000
(1717243250.240000) can0 100#D316F30300000000
(1717243250.257000) can0 300#EA004F0400000000
(1717243250.260000) can0 100#E516F30300000000
(1717243250.280000) can0 100#F616F20300000000
(1717243250.300000) can0 100#0817F20300000000
(1717243250.303000) can0 200#DE0DDD01B3000000
(1717243250.307000) can0 300#EB004F0400000000
(1717243250.320000) can0 100#1917F10300000000
(1717243250.340000) can0 100#2A17F00300000000
(1717243250.357000) can0 300#ED004F0400000000
(1717243250.360000) can0 100#3B17F00300000000
(1717243250.380000) can0 100#4C17EF0300000000
(1717243250.400000) can0 100#5D17EE0300000000
(1717243250.403000) can0 200#DE0DDF01B3000000
(1717243250.407000) can0 300#EE004F0400000000
(1717243250.420000) can0 100#6E17EE0300000000
(1717243250.440000) can0 100#7F17ED0300000000
(1717243250.457000) can0 300#F0004F0400000000
(1717243250.460000) can0 100#8F17EC0300000000
(1717243250.480000) can0 100#A017EB0300000000
(1717243250.500000) can0 100#B017EB0300000000
(1717243250.503000) can0 200#DE0DE201B3000000
(1717243250.507000) can0 300#F1004F0400000000
(1717243250.520000) can0 100#C017EA0300000000
(1717243250.540000) can0 100#D117E90300000000
(1717243250.557000) can0 300#F2004F0400000000
(1717243250.560000) can0 100#E117E80300000000
(1717243250.580000) can0 100#F117E70300000000
(1717243250.600000) can0 100#0018E60300000000
(1717243250.603000) can0 200#DE0DE401B3000000
(1717243250.607000) can0 300#F4004F0400000000
(1717243250.620000) can0 100#1018E50300000000
(1717243250.640000) can0 100#2018E40300000000
(1717243250.657000) can0 300#F5004F0400000000
(1717243250.660000) can0 100#2F18E30300000000
(1717243250.680000) can0 100#3F18E20300000000
(1717243250.700000) can0 100#4E18E10300000000
(1717243250.703000) can0 200#DE0DE801B3000000
(1717243250.707000) can0 300#F6004F0400000000
(1717243250.720000) can0 100#5D18DF0300000000
(1717243250.740000) can0 100#6C18DE0300000000
(1717243250.757000) can0 300#F8004F0400000000
(1717243250.760000) can0 100#7B18DD0300000000
(1717243250.780000) can0 100#8A18DC0300000000
(1717243250.800000) can0 100#9818DB0300000000
(1717243250.803000) can0 200#DE0DEB01B3000000
(1717243250.807000) can0 300#F9004F0400000000
(1717243250.820000) can0 100#A718D90300000000
(1717243250.840000) can0 100#B518D80300000000
(1717243250.857000) can0 300#FB004F0400000000
(1717243250.860000) can0 100#C418D70300000000
(1717243250.880000) can0 100#D218D50300000000
(1717243250.900000) can0 100#E018D40300000000
(1717243250.903000) can0 200#DE0DEF01B3000000
(1717243250.907000) can0 300#FC004F0400000000
(1717243250.920000) can0 100#EE18D30300000000
(1717243250.940000) can0 100#FC18D10300000000
(1717243250.957000) can0 300#FD004F0400000000
(1717243250.960000) can0 100#0919D00300000000
(1717243250.980000) can0 100#1719CE0300000000
(1717243251.000000) can0 100#2519CD0300000000
(1717243251.003000) can0 200#DD0DF301B3000000
(1717243251.007000) can0 300#FF004F0400000000
(1717243251.020000) can0 100#3219CC0300000000
(1717243251.040000) can0 100#3F19CA0300000000
(1717243251.057000) can0 300#00014F0400000000
(1717243251.060000) can0 100#4C19C90300000000
(1717243251.080000) can0 100#5919C70300000000
(1717243251.100000) can0 100#6619C50300000000
(1717243251.103000) can0 200#DD0DF701B3000000
(1717243251.107000) can0 300#02014F0400000000
(1717243251.120000) can0 100#7319C40300000000
(1717243251.140000) can0 100#7F19C20300000000
(1717243251.157000) can0 300#03014F0400000000
(1717243251.160000) can0 100#8C19C10300000000
(1717243251.180000) can0 100#9819BF0300000000
(1717243251.200000) can0 100#A519BD0300000000
(1717243251.203000) can0 200#DD0DFC01B3000000
(1717243251.207000) can0 300#05014F0400000000
(1717243251.220000) can0 100#B119BC0300000000
(1717243251.240000) can0 100#BD19BA0300000000
(1717243251.257000) can0 300#06014F0400000000
(1717243251.260000) can0 100#C919B80300000000
(1717243251.280000) can0 100#D419B70300000000
(1717243251.300000) can0 100#E019B50300000000
(1717243251.303000) can0 200#DD0D0102B3000000
(1717243251.307000) can0 300#08014F0400000000
(1717243251.320000) can0 100#EC19B30300000000
(1717243251.340000) can0 100#F719B10300000000
(1717243251.357000) can0 300#09014F0400000000
(1717243251.360000) can0 100#021AB00300000000
(1717243251.380000) can0 100#0E1AAE0300000000
(1717243251.400000) can0 100#191AAC0300000000
(1717243251.403000) can0 200#DD0D0602B3000000
(1717243251.407000) can0 300#0A014F0400000000
(1717243251.420000) can0 100#241AAA0300000000
(1717243251.440000) can0 100#2E1AA80300000000
(1717243251.457000) can0 300#0C014F0400000000
(1717243251.460000) can0 100#391AA60300000000
(1717243251.480000) can0 100#441AA50300000000
(1717243251.500000) can0 100#4E1AA30300000000
(1717243251.503000) can0 200#DD0D0B02B3000000
(1717243251.507000) can0 300#0D014F0400000000
(1717243251.520000) can0 100#581AA10300000000
(1717243251.540000) can0 100#631A9F0300000000
(1717243251.557000) can0 300#0F014F0400000000
(1717243251.560000) can0 100#6D1A9D0300000000
(1717243251.580000) can0 100#771A9B0300000000
(1717243251.600000) can0 100#811A990300000000
(1717243251.603000) can0 200#DC0D1102B3000000
(1717243251.607000) can0 300#10014F0400000000
(1717243251.620000) can0 100#8B1A970300000000
(1717243251.640000) can0 100#941A950300000000
(1717243251.657000) can0 300#12014F0400000000
(1717243251.660000) can0 100#9E1A930300000000
(1717243251.680000) can0 100#A71A920300000000
(1717243251.700000) can0 100#B11A900300000000
(1717243251.703000) can0 200#DC0D1602B3000000
(1717243251.707000) can0 300#13014F0400000000
(1717243251.720000) can0 100#BA1A8E0300000000
(1717243251.740000) can0 100#C31A8C0300000000
(1717243251.757000) can0 300#15014F0400000000
(1717243251.760000) can0 100#CC1A8A0300000000
(1717243251.780000) can0 100#D51A880300000000
(1717243251.800000) can0 100#DE1A860300000000
(1717243251.803000) can0 200#DC0D1C02B3000000
(1717243251.807000) can0 300#16014F0400000000
(1717243251.820000) can0 100#E71A840300000000
(1717243251.840000) can0 100#EF1A820300000000
(1717243251.857000) can0 300#18014F0400000000
(1717243251.860000) can0 100#F81A800300000000
(1717243251.880000) can0 100#001B7E0300000000
(1717243251.900000) can0 100#091B7C0300000000
(1717243251.903000) can0 200#DC0D2202B3000000
(1717243251.907000) can0 300#19014F0400000000
(1717243251.920000) can0 100#111B7A0300000000
(1717243251.940000) can0 100#191B780300000000
(1717243251.957000) can0 300#1B014F0400000000
(1717243251.960000) can0 100#211B760300000000
(1717243251.980000) can0 100#291B740300000000
(1717243252.000000) can0 100#311B720300000000
(1717243252.003000) can0 200#DC0D2802B3000000
(1717243252.007000) can0 300#1C014F0400000000
(1717243252.020000) can0 100#391B700300000000
(1717243252.040000) can0 100#411B6E0300000000
(1717243252.057000) can0 300#1E014F0400000000
(1717243252.060000) can0 100#481B6C0300000000
(1717243252.080000) can0 100#501B6A0300000000
(1717243252.100000) can0 100#571B680300000000
(1717243252.103000) can0 200#DC0D2F02B3000000
(1717243252.107000) can0 300#1F014F0400000000
(1717243252.120000) can0 100#5F1B660300000000
(1717243252.140000) can0 100#661B640300000000
(1717243252.157000) can0 300#21014F0400000000
(1717243252.160000) can0 100#6D1B620300000000
(1717243252.180000) can0 100#741B600300000000
(1717243252.200000) can0 100#7B1B5E0300000000
(1717243252.203000) can0 200#DC0D3502B3000000
(1717243252.207000) can0 300#23014F0400000000
(1717243252.220000) can0 100#821B5C0300000000
(1717243252.240000) can0 100#891B5A0300000000
(1717243252.257000) can0 300#24014F0400000000
(1717243252.260000) can0 100#901B580300000000
(1717243252.280000) can0 100#971B570300000000
(1717243252.300000) can0 100#9E1B550300000000
(1717243252.303000) can0 200#DB0D3C02B3000000
(1717243252.307000) can0 300#26014F0400000000
(1717243252.320000) can0 100#A41B530300000000
(1717243252.340000) can0 100#AB1B510300000000
(1717243252.357000) can0 300#27014F0400000000
(1717243252.360000) can0 100#B11B4F0300000000
(1717243252.380000) can0 100#B81B4D0300000000
(1717243252.400000) can0 100#BE1B4B0300000000
(1717243252.403000) can0 200#DB0D4202B3000000
(1717243252.407000) can0 300#29014F0400000000
(1717243252.420000) can0 100#C51B490300000000
(1717243252.440000) can0 100#CB1B480300000000
(1717243252.457000) can0 300#2A014F0400000000
(1717243252.460000) can0 100#D11B460300000000
(1717243252.480000) can0 100#D71B440300000000
(1717243252.500000) can0 100#DD1B420300000000
(1717243252.503000) can0 200#DB0D4902B3000000
(1717243252.507000) can0 300#2C014F0400000000
(1717243252.520000) can0 100#E41B400300000000
(1717243252.540000) can0 100#EA1B3F0300000000
(1717243252.557000) can0 300#2D014F0400000000
(1717243252.560000) can0 100#F01B3D0300000000
(1717243252.580000) can0 100#F61B3B0300000000
(1717243252.600000) can0 100#FC1B390300000000
(1717243252.603000) can0 200#DB0D5002B3000000
(1717243252.607000) can0 300#2F014F0400000000
(1717243252.620000) can0 100#011C380300000000
(1717243252.640000) can0 100#071C360300000000
(1717243252.657000) can0 300#31014F0400000000
(1717243252.660000) can0 100#0D1C340300000000
(1717243252.680000) can0 100#131C320300000000
(1717243252.700000) can0 100#191C310300000000
(1717243252.703000) can0 200#DB0D5702B3000000
(1717243252.707000) can0 300#32014F0400000000
(1717243252.720000) can0 100#1E1C2F0300000000
(1717243252.740000) can0 100#241C2E0300000000
(1717243252.757000) can0 300#34014F0400000000
(1717243252.760000) can0 100#2A1C2C0300000000
(1717243252.780000) can0 100#2F1C2A0300000000
(1717243252.800000) can0 100#351C290300000000
(1717243252.803000) can0 200#DA0D5D02B3000000
(1717243252.807000) can0 300#35014F0400000000
(1717243252.820000) can0 100#3B1C270300000000
(1717243252.840000) can0 100#401C260300000000
(1717243252.857000) can0 300#37014F0400000000
(1717243252.860000) can0 100#461C240300000000
(1717243252.880000) can0 100#4C1C230300000000
(1717243252.900000) can0 100#511C210300000000
(1717243252.903000) can0 200#DA0D6402B3000000
(1717243252.907000) can0 300#39014F0400000000
(1717243252.920000) can0 100#571C200300000000
(1717243252.940000) can0 100#5C1C1E0300000000
(1717243252.957000) can0 300#3A014F0400000000
(1717243252.960000) can0 100#621C1D0300000000
(1717243252.980000) can0 100#671C1B0300000000
(1717243253.000000) can0 100#6D1C1A0300000000
(1717243253.003000) can0 200#DA0D6A02B3000000
(1717243253.007000) can0 300#3C014F0400000000
(1717243253.020000) can0 100#721C190300000000
(1717243253.040000) can0 100#781C170300000000
(1717243253.057000) can0 300#3D014F0400000000
(1717243253.060000) can0 100#7E1C160300000000
(1717243253.080000) can0 100#831C150300000000
(1717243253.100000) can0 100#891C130300000000
(1717243253.103000) can0 200#DA0D7102B3000000
(1717243253.107000) can0 300#3F014F0400000000
(1717243253.120000) can0 100#8E1C120300000000
(1717243253.140000) can0 100#941C110300000000
(1717243253.157000) can0 300#41014F0400000000
(1717243253.160000) can0 100#9A1C100300000000
(1717243253.180000) can0 100#9F1C0F0300000000
(1717243253.200000) can0 100#A51C0D0300000000
(1717243253.203000) can0 200#DA0D7702B3000000
(1717243253.207000) can0 300#42014F0400000000
(1717243253.220000) can0 100#AB1C0C0300000000
(1717243253.240000) can0 100#B11C0B0300000000
(1717243253.257000) can0 300#44014F0400000000
(1717243253.260000) can0 100#B61C0A0300000000
(1717243253.280000) can0 100#BC1C090300000000
(1717243253.300000) can0 100#C21C080300000000
(1717243253.303000) can0 200#DA0D7E02B3000000
(1717243253.307000) can0 300#46014F0400000000
(1717243253.320000) can0 100#C81C070300000000
(1717243253.340000) can0 100#CE1C060300000000
(1717243253.357000) can0 300#47014F0400000000
(1717243253.360000) can0 100#D41C050300000000
(1717243253.380000) can0 100#DA1C040300000000
(1717243253.400000) can0 100#E01C030300000000
(1717243253.403000) can0 200#D90D8402B3000000
(1717243253.407000) can0 300#49014F0400000000
(1717243253.420000) can0 100#E61C020300000000
(1717243253.440000) can0 100#EC1C010300000000
(1717243253.457000) can0 300#4A014F0400000000
(1717243253.460000) can0 100#F21C000300000000
(1717243253.480000) can0 100#F81C000300000000
(1717243253.500000) can0 100#FF1CFF0200000000
(1717243253.503000) can0 200#D90D8A02B3000000
(1717243253.507000) can0 300#4C014F0400000000
(1717243253.520000) can0 100#051DFE0200000000
(1717243253.540000) can0 100#0B1DFD0200000000
(1717243253.557000) can0 300#4E014F0400000000
(1717243253.560000) can0 100#121DFC0200000000
(1717243253.580000) can0 100#181DFC0200000000
(1717243253.600000) can0 100#1F1DFB0200000000
(1717243253.603000) can0 200#D90D9002B3000000
(1717243253.607000) can0 300#4F014F0400000000
(1717243253.620000) can0 100#261DFA0200000000
(1717243253.640000) can0 100#2C1DFA0200000000
(1717243253.657000) can0 300#51014F0400000000
(1717243253.660000) can0 100#331DF90200000000
(1717243253.680000) can0 100#3A1DF90200000000
(1717243253.700000) can0 100#411DF80200000000
(1717243253.703000) can0 200#D90D9502B3000000
(1717243253.707000) can0 300#53014F0400000000
(1717243253.720000) can0 100#481DF80200000000
(1717243253.740000) can0 100#4F1DF70200000000
(1717243253.757000) can0 300#54014F0400000000
(1717243253.760000) can0 100#561DF60200000000
(1717243253.780000) can0 100#5D1DF60200000000
(1717243253.800000) can0 100#651DF60200000000
(1717243253.803000) can0 200#D90D9B02B3000000
(1717243253.807000) can0 300#56014F0400000000
(1717243253.820000) can0 100#6C1DF50200000000
(1717243253.840000) can0 100#731DF50200000000
(1717243253.857000) can0 300#58014F0400000000
(1717243253.860000) can0 100#7B1DF40200000000
(1717243253.880000) can0 100#831DF40200000000
(1717243253.900000) can0 100#8A1DF40200000000
(1717243253.903000) can0 200#D80DA002B3000000
(1717243253.907000) can0 300#59014F0400000000
(1717243253.920000) can0 100#921DF30200000000
(1717243253.940000) can0 100#9A1DF30200000000
(1717243253.957000) can0 300#5B014F0400000000
(1717243253.960000) can0 100#A21DF30200000000
(1717243253.980000) can0 100#AA1DF30200000000
(1717243254.000000) can0 100#B31DF20200000000
(1717243254.003000) can0 200#D80DA502B3000000
(1717243254.007000) can0 300#5D014F0400000000
(1717243254.020000) can0 100#BB1DF20200000000
(1717243254.040000) can0 100#C31DF20200000000
(1717243254.057000) can0 300#5E014F0400000000
(1717243254.060000) can0 100#CC1DF20200000000
(1717243254.080000) can0 100#D51DF20200000000
(1717243254.100000) can0 100#DD1DF20200000000
(1717243254.103000) can0 200#D80DA902B3000000
(1717243254.107000) can0 300#60014F0400000000
(1717243254.120000) can0 100#E61DF20200000000
(1717243254.140000) can0 100#EF1DF20200000000
(1717243254.157000) can0 300#62014F0400000000
(1717243254.160000) can0 100#F81DF20200000000
(1717243254.180000) can0 100#021EF20200000000
(1717243254.200000) can0 100#0B1EF20200000000
(1717243254.203000) can0 200#D80DAD02B3000000
(1717243254.207000) can0 300#63014F0400000000
(1717243254.220000) can0 100#141EF20200000000
(1717243254.240000) can0 100#1E1EF20200000000
(1717243254.257000) can0 300#65014F0400000000
(1717243254.260000) can0 100#281EF20200000000
(1717243254.280000) can0 100#311EF20200000000
(1717243254.300000) can0 100#3B1EF20200000000
(1717243254.303000) can0 200#D80DB102B3000000
(1717243254.307000) can0 300#67014F0400000000
(1717243254.320000) can0 100#451EF20200000000
(1717243254.340000) can0 100#4F1EF20200000000
(1717243254.357000) can0 300#69014F0400000000
(1717243254.360000) can0 100#5A1EF20200000000
(1717243254.380000) can0 100#641EF30200000000
(1717243254.400000) can0 100#6F1EF30200000000
(1717243254.403000) can0 200#D70DB502B3000000
(1717243254.407000) can0 300#6A014F0400000000
(1717243254.420000) can0 100#791EF30200000000
(1717243254.440000) can0 100#841EF30200000000
(1717243254.457000) can0 300#6C014F0400000000
(1717243254.460000) can0 100#8F1EF30200000000
(1717243254.480000) can0 100#9A1EF40200000000
(1717243254.500000) can0 100#A51EF40200000000
(1717243254.503000) can0 200#D70DB902B3000000
(1717243254.507000) can0 300#6E014F0400000000
(1717243254.520000) can0 100#B11EF40200000000
(1717243254.540000) can0 100#BC1EF50200000000
(1717243254.557000) can0 300#6F014F0400000000
(1717243254.560000) can0 100#C81EF50200000000
(1717243254.580000) can0 100#D31EF50200000000
(1717243254.600000) can0 100#DF1EF60200000000
(1717243254.603000) can0 200#D70DBC02B3000000
(1717243254.607000) can0 300#71014F0400000000
(1717243254.620000) can0 100#EB1EF60200000000
(1717243254.640000) can0 100#F71EF60200000000
(1717243254.657000) can0 300#73014F0400000000
(1717243254.660000) can0 100#041FF70200000000
(1717243254.680000) can0 100#101FF70200000000
(1717243254.700000) can0 100#1D1FF80200000000
(1717243254.703000) can0 200#D70DBE02B3000000
(1717243254.707000) can0 300#74014F0400000000
(1717243254.720000) can0 100#291FF80200000000
(1717243254.740000) can0 100#361FF90200000000
(1717243254.757000) can0 300#76014F0400000000
(1717243254.760000) can0 100#431FF90200000000
(1717243254.780000) can0 100#501FF90200000000
(1717243254.800000) can0 100#5E1FFA0200000000
(1717243254.803000) can0 200#D60DC102B3000000
(1717243254.807000) can0 300#78014F0400000000
(1717243254.820000) can0 100#6B1FFA0200000000
(1717243254.840000) can0 100#791FFB0200000000
(1717243254.857000) can0 300#7A014F0400000000
(1717243254.860000) can0 100#861FFB0200000000
(1717243254.880000) can0 100#941FFC0200000000
(1717243254.900000) can0 100#A21FFC0200000000
(1717243254.903000) can0 200#D60DC302B3000000
(1717243254.907000) can0 300#7B014F0400000000
(1717243254.920000) can0 100#B01FFD0200000000
(1717243254.940000) can0 100#BF1FFE0200000000
(1717243254.957000) can0 300#7D014F0400000000
(1717243254.960000) can0 100#CD1FFE0200000000
(1717243254.980000) can0 100#DC1FFF0200000000
(1717243255.000000) can0 100#EA1FFF0200000000
(1717243255.003000) can0 200#D60DC502B2000000
(1717243255.007000) can0 300#7F014F0400000000
(1717243255.020000) can0 100#F91F000300000000
(1717243255.040000) can0 100#0820000300000000
(1717243255.057000) can0 300#80014F0400000000
(1717243255.060000) can0 100#1720010300000000
(1717243255.080000) can0 100#2720010300000000
(1717243255.100000) can0 100#3620020300000000
(1717243255.103000) can0 200#D60DC602B2000000
(1717243255.107000) can0 300#82014F0400000000
(1717243255.120000) can0 100#4620030300000000
(1717243255.140000) can0 100#5620030300000000
(1717243255.157000) can0 300#84014F0400000000
(1717243255.160000) can0 100#6620040300000000
(1717243255.180000) can0 100#7620040300000000
(1717243255.200000) can0 100#8620050300000000
(1717243255.203000) can0 200#D60DC702B2000000
(1717243255.207000) can0 300#86014F0400000000
(1717243255.220000) can0 100#9620060300000000
(1717243255.240000) can0 100#A720060300000000
(1717243255.257000) can0 300#87014F0400000000
(1717243255.260000) can0 100#B720070300000000
(1717243255.280000) can0 100#C820070300000000
(1717243255.300000) can0 100#D920080300000000
(1717243255.303000) can0 200#D50DC802B2000000
(1717243255.307000) can0 300#89014F0400000000
(1717243255.320000) can0 100#EA20090300000000
(1717243255.340000) can0 100#FB20090300000000
(1717243255.357000) can0 300#8B014F0400000000
(1717243255.360000) can0 100#0D210A0300000000
(1717243255.380000) can0 100#1E210A0300000000
(1717243255.400000) can0 100#30210B0300000000
(1717243255.403000) can0 200#D50DC802B2000000
(1717243255.407000) can0 300#8D014F0400000000
(1717243255.420000) can0 100#42210B0300000000
(1717243255.440000) can0 100#54210C0300000000
(1717243255.457000) can0 300#8E014F0400000000
(1717243255.460000) can0 100#66210D0300000000
(1717243255.480000) can0 100#78210D0300000000
(1717243255.500000) can0 100#8A210E0300000000
(1717243255.503000) can0 200#D50DC802B2000000
(1717243255.507000) can0 300#90014F0400000000
(1717243255.520000) can0 100#9D210E0300000000
(1717243255.540000) can0 100#B0210F0300000000
(1717243255.557000) can0 300#92014F0400000000
(1717243255.560000) can0 100#C2210F0300000000
(1717243255.580000) can0 100#D521100300000000
(1717243255.600000) can0 100#E821100300000000
(1717243255.603000) can0 200#D50DC802B2000000
(1717243255.607000) can0 300#93014F0400000000
(1717243255.620000) can0 100#FC21110300000000
(1717243255.640000) can0 100#0F22110300000000
(1717243255.657000) can0 300#95014F0400000000
(1717243255.660000) can0 100#2222120300000000
(1717243255.680000) can0 100#3622120300000000
(1717243255.700000) can0 100#4A22130300000000
(1717243255.703000) can0 200#D50DC702B2000000
(1717243255.707000) can0 300#97014F0400000000
(1717243255.720000) can0 100#5E22130300000000
(1717243255.740000) can0 100#7222140300000000
(1717243255.757000) can0 300#99014F0400000000
(1717243255.760000) can0 100#8622140300000000
(1717243255.780000) can0 100#9A22150300000000
(1717243255.800000) can0 100#AF22150300000000
(1717243255.803000) can0 200#D40DC602B2000000
(1717243255.807000) can0 300#9A014F0400000000
(1717243255.820000) can0 100#C322150300000000
(1717243255.840000) can0 100#D822160300000000
(1717243255.857000) can0 300#9C014F0400000000
(1717243255.860000) can0 100#ED22160300000000
(1717243255.880000) can0 100#0123160300000000
(1717243255.900000) can0 100#1623170300000000
(1717243255.903000) can0 200#D40DC502B2000000
(1717243255.907000) can0 300#9E014F0400000000
(1717243255.920000) can0 100#2C23170300000000
(1717243255.940000) can0 100#4123170300000000
(1717243255.957000) can0 300#A0014F0400000000
(1717243255.960000) can0 100#5623180300000000
(1717243255.980000) can0 100#6C23180300000000
(1717243256.000000) can0 100#8123180300000000
(1717243256.003000) can0 200#D40DC302B2000000
(1717243256.007000) can0 300#A1014F0400000000
(1717243256.020000) can0 100#9723180300000000
(1717243256.040000) can0 100#AD23190300000000
(1717243256.057000) can0 300#A3014F0400000000
(1717243256.060000) can0 100#C323190300000000
(1717243256.080000) can0 100#D923190300000000
(1717243256.100000) can0 100#EF23190300000000
(1717243256.103000) can0 200#D40DC202B2000000
(1717243256.107000) can0 300#A5014F0400000000
(1717243256.120000) can0 100#0524190300000000
(1717243256.140000) can0 100#1C241A0300000000
(1717243256.157000) can0 300#A7014F0400000000
(1717243256.160000) can0 100#32241A0300000000
(1717243256.180000) can0 100#49241A0300000000
(1717243256.200000) can0 100#5F241A0300000000
(1717243256.203000) can0 200#D30DBF02B2000000
(1717243256.207000) can0 300#A8014F0400000000
(1717243256.220000) can0 100#76241A0300000000
(1717243256.240000) can0 100#8D241A0300000000
(1717243256.257000) can0 300#AA014F0400000000
(1717243256.260000) can0 100#A4241A0300000000
(1717243256.280000) can0 100#BB241A0300000000
(1717243256.300000) can0 100#D2241A0300000000
(1717243256.303000) can0 200#D30DBD02B2000000
(1717243256.307000) can0 300#AC014F0400000000
(1717243256.320000) can0 100#EA241A0300000000
(1717243256.340000) can0 100#01251A0300000000
(1717243256.357000) can0 300#AE014F0400000000
(1717243256.360000) can0 100#18251A0300000000
(1717243256.380000) can0 100#30251A0300000000
(1717243256.400000) can0 100#4725190300000000
(1717243256.403000) can0 200#D30DBB02B2000000
(1717243256.407000) can0 300#AF014F0400000000
(1717243256.420000) can0 100#5F25190300000000
(1717243256.440000) can0 100#7725190300000000
(1717243256.457000) can0 300#B1014F0400000000
(1717243256.460000) can0 100#8F25190300000000
(1717243256.480000) can0 100#A725190300000000
(1717243256.500000) can0 100#BF25180300000000
(1717243256.503000) can0 200#D30DB802B2000000
(1717243256.507000) can0 300#B3014F0400000000
(1717243256.520000) can0 100#D725180300000000
(1717243256.540000) can0 100#EF25180300000000
(1717243256.557000) can0 300#B5014F0400000000
(1717243256.560000) can0 100#0726170300000000
(1717243256.580000) can0 100#1F26170300000000
(1717243256.600000) can0 100#3726170300000000
(1717243256.603000) can0 200#D30DB502B2000000
(1717243256.607000) can0 300#B6014F0400000000
(1717243256.620000) can0 100#5026160300000000
(1717243256.640000) can0 100#6826160300000000
(1717243256.657000) can0 300#B8014F0400000000
(1717243256.660000) can0 100#8126150300000000
(1717243256.680000) can0 100#9926150300000000
(1717243256.700000) can0 100#B226140300000000
(1717243256.703000) can0 200#D20DB202B2000000
(1717243256.707000) can0 300#BA014F0400000000
(1717243256.720000) can0 100#CA26140300000000
(1717243256.740000) can0 100#E326130300000000
(1717243256.757000) can0 300#BC014F0400000000
(1717243256.760000) can0 100#FC26130300000000
(1717243256.780000) can0 100#1527120300000000
(1717243256.800000) can0 100#2D27110300000000
(1717243256.803000) can0 200#D20DAF02B2000000
(1717243256.807000) can0 300#BD014F0400000000
(1717243256.820000) can0 100#4627110300000000
(1717243256.840000) can0 100#5F27100300000000
(1717243256.857000) can0 300#BF014F0400000000
(1717243256.860000) can0 100#78270F0300000000
(1717243256.880000) can0 100#91270E0300000000
(1717243256.900000) can0 100#AA270E0300000000
(1717243256.903000) can0 200#D20DAC02B2000000
(1717243256.907000) can0 300#C1014F0400000000
(1717243256.920000) can0 100#C3270D0300000000
(1717243256.940000) can0 100#DC270C0300000000
(1717243256.957000) can0 300#C3014F0400000000
(1717243256.960000) can0 100#F5270B0300000000
(1717243256.980000) can0 100#0E280A0300000000
(1717243257.000000) can0 100#2728090300000000
(1717243257.003000) can0 200#D20DA802B2000000
(1717243257.007000) can0 300#C4014F0400000000
(1717243257.020000) can0 100#4128080300000000
(1717243257.040000) can0 100#5A28070300000000
(1717243257.057000) can0 300#C6014F0400000000
(1717243257.060000) can0 100#7328060300000000
(1717243257.080000) can0 100#8C28050300000000
(1717243257.100000) can0 100#A528040300000000
(1717243257.103000) can0 200#D10DA502B2000000
(1717243257.107000) can0 300#C8014F0400000000
(1717243257.120000) can0 100#BE28030300000000
(1717243257.140000) can0 100#D828020300000000
(1717243257.157000) can0 300#CA014F0400000000
(1717243257.160000) can0 100#F128010300000000
(1717243257.180000) can0 100#0A29000300000000
(1717243257.200000) can0 100#2329FF0200000000
(1717243257.203000) can0 200#D10DA102B2000000
(1717243257.207000) can0 300#CB014F0400000000
(1717243257.220000) can0 100#3C29FD0200000000
(1717243257.240000) can0 100#5629FC0200000000
(1717243257.257000) can0 300#CD014F0400000000
(1717243257.260000) can0 100#6F29FB0200000000
(1717243257.280000) can0 100#8829FA0200000000
(1717243257.300000) can0 100#A129F80200000000
(1717243257.303000) can0 200#D10D9E02B2000000
(1717243257.307000) can0 300#CF014F0400000000
(1717243257.320000) can0 100#BA29F70200000000
(1717243257.340000) can0 100#D329F60200000000
(1717243257.357000) can0 300#D0014F0400000000
(1717243257.360000) can0 100#EC29F40200000000
(1717243257.380000) can0 100#052AF30200000000
(1717243257.400000) can0 100#1E2AF10200000000
(1717243257.403000) can0 200#D10D9A02B2000000
(1717243257.407000) can0 300#D2014F0400000000
(1717243257.420000) can0 100#372AF00200000000
(1717243257.440000) can0 100#502AEE0200000000
(1717243257.457000) can0 300#D4014F0400000000
(1717243257.460000) can0 100#692AED0200000000
(1717243257.480000) can0 100#822AEB0200000000
(1717243257.500000) can0 100#9B2AEA0200000000
(1717243257.503000) can0 200#D10D9602B2000000
(1717243257.507000) can0 300#D6014F0400000000
(1717243257.520000) can0 100#B42AE80200000000
(1717243257.540000) can0 100#CD2AE60200000000
(1717243257.557000) can0 300#D7014F0400000000
(1717243257.560000) can0 100#E62AE50200000000
(1717243257.580000) can0 100#FE2AE30200000000
(1717243257.600000) can0 100#172BE10200000000
(1717243257.603000) can0 200#D00D9302B2000000
(1717243257.607000) can0 300#D9014F0400000000
(1717243257.620000) can0 100#302BE00200000000
(1717243257.640000) can0 100#482BDE0200000000
(1717243257.657000) can0 300#DB014F0400000000
(1717243257.660000) can0 100#612BDC0200000000
(1717243257.680000) can0 100#792BDA0200000000
(1717243257.700000) can0 100#912BD90200000000
(1717243257.703000) can0 200#D00D8F02B2000000
(1717243257.707000) can0 300#DD014F0400000000
(1717243257.720000) can0 100#AA2BD70200000000
(1717243257.740000) can0 100#C22BD50200000000
(1717243257.757000) can0 300#DE014F0400000000
(1717243257.760000) can0 100#DA2BD30200000000
(1717243257.780000) can0 100#F22BD10200000000
(1717243257.800000) can0 100#0B2CCF0200000000
(1717243257.803000) can0 200#D00D8C02B2000000
(1717243257.807000) can0 300#E0014F0400000000
(1717243257.820000) can0 100#232CCD0200000000
(1717243257.840000) can0 100#3A2CCB0200000000
(1717243257.857000) can0 300#E2014F0400000000
(1717243257.860000) can0 100#522CC90200000000
(1717243257.880000) can0 100#6A2CC70200000000
(1717243257.900000) can0 100#822CC50200000000
(1717243257.903000) can0 200#D00D8802B2000000
(1717243257.907000) can0 300#E4014F0400000000
(1717243257.920000) can0 100#992CC30200000000
(1717243257.940000) can0 100#B12CC10200000000
(1717243257.957000) can0 300#E5014F0400000000
(1717243257.960000) can0 100#C82CBF0200000000
(1717243257.980000) can0 100#E02CBD0200000000
(1717243258.000000) can0 100#F72CBB0200000000
(1717243258.003000) can0 200#D00D8502B2000000
(1717243258.007000) can0 300#E7014F0400000000
(1717243258.020000) can0 100#0E2DB90200000000
(1717243258.040000) can0 100#252DB70200000000
(1717243258.057000) can0 300#E9014F0400000000
(1717243258.060000) can0 100#3C2DB40200000000
(1717243258.080000) can0 100#532DB20200000000
(1717243258.100000) can0 100#6A2DB00200000000
(1717243258.103000) can0 200#CF0D8202B2000000
(1717243258.107000) can0 300#EA014F0400000000
(1717243258.120000) can0 100#812DAE0200000000
(1717243258.140000) can0 100#972DAC0200000000
(1717243258.157000) can0 300#EC014F0400000000
(1717243258.160000) can0 100#AE2DA90200000000
(1717243258.180000) can0 100#C42DA70200000000
(1717243258.200000) can0 100#DB2DA50200000000
(1717243258.203000) can0 200#CF0D7F02B2000000
(1717243258.207000) can0 300#EE014F0400000000
(1717243258.220000) can0 100#F12DA30200000000
(1717243258.240000) can0 100#072EA00200000000
(1717243258.257000) can0 300#F0014F0400000000
(1717243258.260000) can0 100#1D2E9E0200000000
(1717243258.280000) can0 100#332E9C0200000000
(1717243258.300000) can0 100#482E990200000000
(1717243258.303000) can0 200#CF0D7C02B2000000
(1717243258.307000) can0 300#F1014F0400000000
(1717243258.320000) can0 100#5E2E970200000000
(1717243258.340000) can0 100#742E950200000000
(1717243258.357000) can0 300#F3014F0400000000
(1717243258.360000) can0 100#892E920200000000
(1717243258.380000) can0 100#9E2E900200000000
(1717243258.400000) can0 100#B32E8E0200000000
(1717243258.403000) can0 200#CF0D7A02B2000000
(1717243258.407000) can0 300#F5014F0400000000
(1717243258.420000) can0 100#C82E8B0200000000
(1717243258.440000) can0 100#DD2E890200000000
(1717243258.457000) can0 300#F6014F0400000000
(1717243258.460000) can0 100#F22E860200000000
(1717243258.480000) can0 100#072F840200000000
(1717243258.500000) can0 100#1B2F820200000000
(1717243258.503000) can0 200#CE0D7702B2000000
(1717243258.507000) can0 300#F8014F0400000000
(1717243258.520000) can0 100#302F7F0200000000
(1717243258.540000) can0 100#442F7D0200000000
(1717243258.557000) can0 300#FA014F0400000000
(1717243258.560000) can0 100#582F7A0200000000
(1717243258.580000) can0 100#6C2F780200000000
(1717243258.600000) can0 100#802F750200000000
(1717243258.603000) can0 200#CE0D7502B2000000
(1717243258.607000) can0 300#FC014F0400000000
(1717243258.620000) can0 100#942F730200000000
(1717243258.640000) can0 100#A82F700200000000
(1717243258.657000) can0 300#FD014F0400000000
(1717243258.660000) can0 100#BB2F6E0200000000
(1717243258.680000) can0 100#CE2F6C0200000000
(1717243258.700000) can0 100#E22F690200000000
(1717243258.703000) can0 200#CE0D7302B2000000
(1717243258.707000) can0 300#FF014F0400000000
(1717243258.720000) can0 100#F52F670200000000
(1717243258.740000) can0 100#0830640200000000
(1717243258.757000) can0 300#01024F0400000000
(1717243258.760000) can0 100#1A30620200000000
(1717243258.780000) can0 100#2D305F0200000000
(1717243258.800000) can0 100#3F305D0200000000
(1717243258.803000) can0 200#CE0D7102B2000000
(1717243258.807000) can0 300#02024F0400000000
(1717243258.820000) can0 100#52305A0200000000
(1717243258.840000) can0 100#6430580200000000
(1717243258.857000) can0 300#04024F0400000000
(1717243258.860000) can0 100#7630560200000000
(1717243258.880000) can0 100#8830530200000000
(1717243258.900000) can0 100#9A30510200000000
(1717243258.903000) can0 200#CE0D6F02B2000000
(1717243258.907000) can0 300#06024F0400000000
(1717243258.920000) can0 100#AB304E0200000000
(1717243258.940000) can0 100#BD304C0200000000
(1717243258.957000) can0 300#07024F0400000000
(1717243258.960000) can0 100#CE30490200000000
(1717243258.980000) can0 100#DF30470200000000
(1717243259.000000) can0 100#F030440200000000
(1717243259.003000) can0 200#CD0D6E02B2000000
(1717243259.007000) can0 300#09024F0400000000
(1717243259.020000) can0 100#0131420200000000
(1717243259.040000) can0 100#1231400200000000
(1717243259.057000) can0 300#0B024F0400000000
(1717243259.060000) can0 100#23313D0200000000
(1717243259.080000) can0 100#33313B0200000000
(1717243259.100000) can0 100#4331380200000000
(1717243259.103000) can0 200#CD0D6D02B2000000
(1717243259.107000) can0 300#0C024F0400000000
(1717243259.120000) can0 100#5331360200000000
(1717243259.140000) can0 100#6331340200000000
(1717243259.157000) can0 300#0E024F0400000000
(1717243259.160000) can0 100#7331310200000000
(1717243259.180000) can0 100#83312F0200000000
(1717243259.200000) can0 100#92312D0200000000
(1717243259.203000) can0 200#CD0D6C02B2000000
(1717243259.207000) can0 300#10024F0400000000
(1717243259.220000) can0 100#A2312A0200000000
(1717243259.240000) can0 100#B131280200000000
(1717243259.257000) can0 300#11024F0400000000
(1717243259.260000) can0 100#C031260200000000
(1717243259.280000) can0 100#CF31230200000000
(1717243259.300000) can0 100#DE31210200000000
(1717243259.303000) can0 200#CD0D6C02B2000000
(1717243259.307000) can0 300#13024F0400000000
(1717243259.320000) can0 100#EC311F0200000000
(1717243259.340000) can0 100#FB311D0200000000
(1717243259.357000) can0 300#15024F0400000000
(1717243259.360000) can0 100#09321A0200000000
(1717243259.380000) can0 100#1732180200000000
(1717243259.400000) can0 100#2532160200000000
(1717243259.403000) can0 200#CD0D6B02B2000000
(1717243259.407000) can0 300#16024F0400000000
(1717243259.420000) can0 100#3332140200000000
(1717243259.440000) can0 100#4132120200000000
(1717243259.457000) can0 300#18024F0400000000
(1717243259.460000) can0 100#4E320F0200000000
(1717243259.480000) can0 100#5C320D0200000000
(1717243259.500000) can0 100#69320B0200000000
(1717243259.503000) can0 200#CC0D6B02B2000000
(1717243259.507000) can0 300#1A024F0400000000
(1717243259.520000) can0 100#7632090200000000
(1717243259.540000) can0 100#8332070200000000
(1717243259.557000) can0 300#1B024F0400000000
(1717243259.560000) can0 100#9032050200000000
(1717243259.580000) can0 100#9C32030200000000
(1717243259.600000) can0 100#A932010200000000
(1717243259.603000) can0 200#CC0D6B02B2000000
(1717243259.607000) can0 300#1D024F0400000000
(1717243259.620000) can0 100#B532FF0100000000
(1717243259.640000) can0 100#C232FD0100000000
(1717243259.657000) can0 300#1F024F0400000000
(1717243259.660000) can0 100#CE32FB0100000000
(1717243259.680000) can0 100#DA32F90100000000
(1717243259.700000) can0 100#E532F70100000000
(1717243259.703000) can0 200#CC0D6C02B2000000
(1717243259.707000) can0 300#20024F0400000000
(1717243259.720000) can0 100#F132F50100000000
(1717243259.740000) can0 100#FC32F30100000000
(1717243259.757000) can0 300#22024F0400000000
(1717243259.760000) can0 100#0833F10100000000
(1717243259.780000) can0 100#1333EF0100000000
(1717243259.800000) can0 100#1E33ED0100000000
(1717243259.803000) can0 200#CC0D6D02B2000000
(1717243259.807000) can0 300#24024F0400000000
(1717243259.820000) can0 100#2933EC0100000000
(1717243259.840000) can0 100#3433EA0100000000
(1717243259.857000) can0 300#25024F0400000000
(1717243259.860000) can0 100#3E33E80100000000
(1717243259.880000) can0 100#4933E60100000000
(1717243259.900000) can0 100#5333E50100000000
(1717243259.903000) can0 200#CC0D6E02B2000000
(1717243259.907000) can0 300#27024F0400000000
(1717243259.920000) can0 100#5D33E30100000000
(1717243259.940000) can0 100#6733E10100000000
(1717243259.957000) can0 300#28024F0400000000
(1717243259.960000) can0 100#7133DF0100000000
(1717243259.980000) can0 100#7B33DE0100000000
(1717243260.000000) can0 100#8533DC0100000000
(1717243260.003000) can0 200#CB0D6F02B2000000
(1717243260.007000) can0 300#2A024F0400000000
(1717243260.020000) can0 100#8E33DB0100000000
(1717243260.040000) can0 100#9833D90100000000
(1717243260.057000) can0 300#2C024F0400000000
(1717243260.060000) can0 100#A133D80100000000
(1717243260.080000) can0 100#AA33D60100000000
(1717243260.100000) can0 100#B333D50100000000
(1717243260.103000) can0 200#CB0D7002B2000000
(1717243260.107000) can0 300#2D024F0400000000
(1717243260.120000) can0 100#BC33D30100000000
(1717243260.140000) can0 100#C533D20100000000
(1717243260.157000) can0 300#2F02500400000000
(1717243260.160000) can0 100#CE33D00100000000
(1717243260.180000) can0 100#D633CF0100000000
(1717243260.200000) can0 100#DF33CD0100000000
(1717243260.203000) can0 200#CB0D7202B2000000
(1717243260.207000) can0 300#3102500400000000
(1717243260.220000) can0 100#E733CC0100000000
(1717243260.240000) can0 100#EF33CB0100000000
(1717243260.257000) can0 300#3202500400000000
(1717243260.260000) can0 100#F733CA0100000000
(1717243260.280000) can0 100#FF33C80100000000
(1717243260.300000) can0 100#0734C70100000000
(1717243260.303000) can0 200#CB0D7402B2000000
(1717243260.307000) can0 300#3402500400000000
(1717243260.320000) can0 100#0F34C60100000000
(1717243260.340000) can0 100#1734C50100000000
(1717243260.357000) can0 300#3502500400000000
(1717243260.360000) can0 100#1E34C40100000000
(1717243260.380000) can0 100#2634C20100000000
(1717243260.400000) can0 100#2D34C10100000000
(1717243260.403000) can0 200#CB0D7602B2000000
(1717243260.407000) can0 300#3702500400000000
(1717243260.420000) can0 100#3434C00100000000
(1717243260.440000) can0 100#3B34BF0100000000
(1717243260.457000) can0 300#3802500400000000
(1717243260.460000) can0 100#4234BE0100000000
(1717243260.480000) can0 100#4934BD0100000000
(1717243260.500000) can0 100#5034BC0100000000
(1717243260.503000) can0 200#CB0D7802B2000000
(1717243260.507000) can0 300#3A02500400000000
(1717243260.520000) can0 100#5734BB0100000000
(1717243260.540000) can0 100#5D34BA0100000000
(1717243260.557000) can0 300#3C02500400000000
(1717243260.560000) can0 100#6434BA0100000000
(1717243260.580000) can0 100#6A34B90100000000
(1717243260.600000) can0 100#7134B80100000000
(1717243260.603000) can0 200#CA0D7B02B2000000
(1717243260.607000) can0 300#3D02500400000000
(1717243260.620000) can0 100#7734B70100000000
(1717243260.640000) can0 100#7D34B60100000000
(1717243260.657000) can0 300#3F02500400000000
(1717243260.660000) can0 100#8334B60100000000
(1717243260.680000) can0 100#8A34B50100000000
(1717243260.700000) can0 100#9034B40100000000
(1717243260.703000) can0 200#CA0D7D02B2000000
(1717243260.707000) can0 300#4002500400000000
(1717243260.720000) can0 100#9534B40100000000
(1717243260.740000) can0 100#9B34B30100000000
(1717243260.757000) can0 300#4202500400000000
(1717243260.760000) can0 100#A134B20100000000
(1717243260.780000) can0 100#A734B20100000000
(1717243260.800000) can0 100#AC34B10100000000
(1717243260.803000) can0 200#CA0D8002B2000000
(1717243260.807000) can0 300#4302500400000000
(1717243260.820000) can0 100#B234B10100000000
(1717243260.840000) can0 100#B734B00100000000
(1717243260.857000) can0 300#4502500400000000
(1717243260.860000) can0 100#BD34B00100000000
(1717243260.880000) can0 100#C234AF0100000000
(1717243260.900000) can0 100#C834AF0100000000
(1717243260.903000) can0 200#CA0D8302B2000000
(1717243260.907000) can0 300#4702500400000000
(1717243260.920000) can0 100#CD34AE0100000000
(1717243260.940000) can0 100#D234AE0100000000
(1717243260.957000) can0 300#4802500400000000
(1717243260.960000) can0 100#D734AE0100000000
(1717243260.980000) can0 100#DC34AD0100000000
(1717243261.000000) can0 100#E134AD0100000000
(1717243261.003000) can0 200#CA0D8602B2000000
(1717243261.007000) can0 300#4A02500400000000
(1717243261.020000) can0 100#E634AD0100000000
(1717243261.040000) can0 100#EB34AC0100000000
(1717243261.057000) can0 300#4B02500400000000
(1717243261.060000) can0 100#F034AC0100000000
(1717243261.080000) can0 100#F534AC0100000000
(1717243261.100000) can0 100#FA34AC0100000000
(1717243261.103000) can0 200#CA0D8902B2000000
(1717243261.107000) can0 300#4D02500400000000
(1717243261.120000) can0 100#FF34AC0100000000
(1717243261.140000) can0 100#0435AC0100000000
(1717243261.157000) can0 300#4E02500400000000
(1717243261.160000) can0 100#0835AB0100000000
(1717243261.180000) can0 100#0D35AB0100000000
(1717243261.200000) can0 100#1235AB0100000000
(1717243261.203000) can0 200#C90D8C02B2000000
(1717243261.207000) can0 300#5002500400000000
(1717243261.220000) can0 100#1635AB0100000000
(1717243261.240000) can0 100#1B35AB0100000000
(1717243261.257000) can0 300#5102500400000000
(1717243261.260000) can0 100#2035AB0100000000
(1717243261.280000) can0 100#2435AB0100000000
(1717243261.300000) can0 100#2935AB0100000000
(1717243261.303000) can0 200#C90D8F02B2000000
(1717243261.307000) can0 300#5302500400000000
(1717243261.320000) can0 100#2E35AB0100000000
(1717243261.340000) can0 100#3235AB0100000000
(1717243261.357000) can0 300#5402500400000000
(1717243261.360000) can0 100#3735AB0100000000
(1717243261.380000) can0 100#3B35AC0100000000
(1717243261.400000) can0 100#4035AC0100000000
(1717243261.403000) can0 200#C90D9202B2000000
(1717243261.407000) can0 300#5602500400000000
(1717243261.420000) can0 100#4435AC0100000000
(1717243261.440000) can0 100#4935AC0100000000
(1717243261.457000) can0 300#5702500400000000
(1717243261.460000) can0 100#4D35AC0100000000
(1717243261.480000) can0 100#5235AC0100000000
(1717243261.500000) can0 100#5735AD0100000000
(1717243261.503000) can0 200#C90D9502B2000000
(1717243261.507000) can0 300#5902500400000000
(1717243261.520000) can0 100#5B35AD0100000000
(1717243261.540000) can0 100#6035AD0100000000
(1717243261.557000) can0 300#5A02500400000000
(1717243261.560000) can0 100#6435AD0100000000
(1717243261.580000) can0 100#6935AE0100000000
(1717243261.600000) can0 100#6E35AE0100000000
(1717243261.603000) can0 200#C90D9902B2000000
(1717243261.607000) can0 300#5C02500400000000
(1717243261.620000) can0 100#7235AE0100000000
(1717243261.640000) can0 100#7735AF0100000000
(1717243261.657000) can0 300#5D02500400000000
(1717243261.660000) can0 100#7C35AF0100000000
(1717243261.680000) can0 100#8035AF0100000000
(1717243261.700000) can0 100#8535B00100000000
(1717243261.703000) can0 200#C90D9C02B2000000
(1717243261.707000) can0 300#5F02500400000000
(1717243261.720000) can0 100#8A35B00100000000
(1717243261.740000) can0 100#8E35B10100000000
(1717243261.757000) can0 300#6002500400000000
(1717243261.760000) can0 100#9335B10100000000
(1717243261.780000) can0 100#9835B10100000000
(1717243261.800000) can0 100#9D35B20100000000
(1717243261.803000) can0 200#C80D9F02B2000000
(1717243261.807000) can0 300#6202500400000000
(1717243261.820000) can0 100#A235B20100000000
(1717243261.840000) can0 100#A735B30100000000
(1717243261.857000) can0 300#6302500400000000
(1717243261.860000) can0 100#AC35B30100000000
(1717243261.880000) can0 100#B135B40100000000
(1717243261.900000) can0 100#B635B40100000000
(1717243261.903000) can0 200#C80DA202B2000000
(1717243261.907000) can0 300#6402500400000000
(1717243261.920000) can0 100#BB35B50100000000
(1717243261.940000) can0 100#C035B50100000000
(1717243261.957000) can0 300#6602500400000000
(1717243261.960000) can0 100#C635B60100000000
(1717243261.980000) can0 100#CB35B60100000000
(1717243262.000000) can0 100#D035B70100000000
(1717243262.003000) can0 200#C80DA402B2000000
(1717243262.007000) can0 300#6702500400000000
(1717243262.020000) can0 100#D635B70100000000
(1717243262.040000) can0 100#DB35B80100000000
(1717243262.057000) can0 300#6902500400000000
(1717243262.060000) can0 100#E135B80100000000
(1717243262.080000) can0 100#E635B90100000000
(1717243262.100000) can0 100#EC35B90100000000
(1717243262.103000) can0 200#C80DA702B2000000
(1717243262.107000) can0 300#6A02500400000000
(1717243262.120000) can0 100#F235BA0100000000
(1717243262.140000) can0 100#F735BA0100000000
(1717243262.157000) can0 300#6C02500400000000
(1717243262.160000) can0 100#FD35BB0100000000
(1717243262.180000) can0 100#0336BC0100000000
(1717243262.200000) can0 100#0936BC0100000000
(1717243262.203000) can0 200#C80DAA02B2000000
(1717243262.207000) can0 300#6D02500400000000
(1717243262.220000) can0 100#0F36BD0100000000
(1717243262.240000) can0 100#1536BD0100000000
(1717243262.257000) can0 300#6E02500400000000
(1717243262.260000) can0 100#1C36BE0100000000
(1717243262.280000) can0 100#2236BE0100000000
(1717243262.300000) can0 100#2836BF0100000000
(1717243262.303000) can0 200#C80DAC02B2000000
(1717243262.307000) can0 300#7002500400000000
(1717243262.320000) can0 100#2F36BF0100000000
(1717243262.340000) can0 100#3536C00100000000
(1717243262.357000) can0 300#7102500400000000
(1717243262.360000) can0 100#3C36C10100000000
(1717243262.380000) can0 100#4236C10100000000
(1717243262.400000) can0 100#4936C20100000000
(1717243262.403000) can0 200#C80DAE02B2000000
(1717243262.407000) can0 300#7302500400000000
(1717243262.420000) can0 100#5036C20100000000
(1717243262.440000) can0 100#5736C30100000000
(1717243262.457000) can0 300#7402500400000000
(1717243262.460000) can0 100#5E36C30100000000
(1717243262.480000) can0 100#6536C40100000000
(1717243262.500000) can0 100#6C36C40100000000
(1717243262.503000) can0 200#C70DB002B2000000
(1717243262.507000) can0 300#7502500400000000
(1717243262.520000) can0 100#7436C50100000000
(1717243262.540000) can0 100#7B36C50100000000
(1717243262.557000) can0 300#7702500400000000
(1717243262.560000) can0 100#8336C60100000000
(1717243262.580000) can0 100#8A36C60100000000
(1717243262.600000) can0 100#9236C70100000000
(1717243262.603000) can0 200#C70DB202B2000000
(1717243262.607000) can0 300#7802500400000000
(1717243262.620000) can0 100#9A36C70100000000
(1717243262.640000) can0 100#A236C80100000000
(1717243262.657000) can0 300#7A02500400000000
(1717243262.660000) can0 100#AA36C80100000000
(1717243262.680000) can0 100#B236C90100000000
(1717243262.700000) can0 100#BA36C90100000000
(1717243262.703000) can0 200#C70DB302B2000000
(1717243262.707000) can0 300#7B02500400000000
(1717243262.720000) can0 100#C336CA0100000000
(1717243262.740000) can0 100#CB36CA0100000000
(1717243262.757000) can0 300#7C02500400000000
(1717243262.760000) can0 100#D336CB0100000000
(1717243262.780000) can0 100#DC36CB0100000000
(1717243262.800000) can0 100#E536CB0100000000
(1717243262.803000) can0 200#C70DB402B2000000
(1717243262.807000) can0 300#7E02500400000000
(1717243262.820000) can0 100#EE36CC0100000000
(1717243262.840000) can0 100#F736CC0100000000
(1717243262.857000) can0 300#7F02500400000000
(1717243262.860000) can0 100#0037CC0100000000
(1717243262.880000) can0 100#0937CD0100000000
(1717243262.900000) can0 100#1237CD0100000000
(1717243262.903000) can0 200#C70DB502B2000000
(1717243262.907000) can0 300#8002500400000000
(1717243262.920000) can0 100#1C37CD0100000000
(1717243262.940000) can0 100#2537CE0100000000
(1717243262.957000) can0 300#8202500400000000
(1717243262.960000) can0 100#2F37CE0100000000
(1717243262.980000) can0 100#3937CE0100000000
(1717243263.000000) can0 100#4337CF0100000000
(1717243263.003000) can0 200#C70DB602B2000000
(1717243263.007000) can0 300#8302500400000000
(1717243263.020000) can0 100#4D37CF0100000000
(1717243263.040000) can0 100#5737CF0100000000
(1717243263.057000) can0 300#8402500400000000
(1717243263.060000) can0 100#6137CF0100000000
(1717243263.080000) can0 100#6B37CF0100000000
(1717243263.100000) can0 100#7637D00100000000
(1717243263.103000) can0 200#C70DB602B2000000
(1717243263.107000) can0 300#8502500400000000
(1717243263.120000) can0 100#8037D00100000000
(1717243263.140000) can0 100#8B37D00100000000
(1717243263.157000) can0 300#8702500400000000
(1717243263.160000) can0 100#9637D00100000000
(1717243263.180000) can0 100#A137D00100000000
(1717243263.200000) can0 100#AC37D00100000000
(1717243263.203000) can0 200#C70DB602B2000000
(1717243263.207000) can0 300#8802500400000000
(1717243263.220000) can0 100#B737D00100000000
(1717243263.240000) can0 100#C237D00100000000
(1717243263.257000) can0 300#8902500400000000
(1717243263.260000) can0 100#CD37D00100000000
(1717243263.280000) can0 100#D937D00100000000
(1717243263.300000) can0 100#E537D00100000000
(1717243263.303000) can0 200#C70DB602B2000000
(1717243263.307000) can0 300#8B02500400000000
(1717243263.320000) can0 100#F037D00100000000
(1717243263.340000) can0 100#FC37D00100000000
(1717243263.357000) can0 300#8C02500400000000
(1717243263.360000) can0 100#0838D00100000000
(1717243263.380000) can0 100#1438D00100000000
(1717243263.400000) can0 100#2038D00100000000
(1717243263.403000) can0 200#C60DB502B2000000
(1717243263.407000) can0 300#8D02500400000000
(1717243263.420000) can0 100#2D38D00100000000
(1717243263.440000) can0 100#3938D00100000000
(1717243263.457000) can0 300#8E02500400000000
(1717243263.460000) can0 100#4638CF0100000000
(1717243263.480000) can0 100#5238CF0100000000
(1717243263.500000) can0 100#5F38CF0100000000
(1717243263.503000) can0 200#C60DB402B2000000
(1717243263.507000) can0 300#9002500400000000
(1717243263.520000) can0 100#6C38CF0100000000
(1717243263.540000) can0 100#7938CF0100000000
(1717243263.557000) can0 300#9102500400000000
(1717243263.560000) can0 100#8638CE0100000000
(1717243263.580000) can0 100#9438CE0100000000
(1717243263.600000) can0 100#A138CE0100000000
(1717243263.603000) can0 200#C60DB302B2000000
(1717243263.607000) can0 300#9202500400000000
(1717243263.620000) can0 100#AE38CD0100000000
(1717243263.640000) can0 100#BC38CD0100000000
(1717243263.657000) can0 300#9302500400000000
(1717243263.660000) can0 100#CA38CC0100000000
(1717243263.680000) can0 100#D838CC0100000000
(1717243263.700000) can0 100#E638CB0100000000
(1717243263.703000) can0 200#C60DB202B2000000
(1717243263.707000) can0 300#9502500400000000
(1717243263.720000) can0 100#F438CB0100000000
(1717243263.740000) can0 100#0239CA0100000000
(1717243263.757000) can0 300#9602500400000000
(1717243263.760000) can0 100#1039CA0100000000
(1717243263.780000) can0 100#1E39C90100000000
(1717243263.800000) can0 100#2D39C90100000000
(1717243263.803000) can0 200#C60DB002B2000000
(1717243263.807000) can0 300#9702500400000000
(1717243263.820000) can0 100#3B39C80100000000
(1717243263.840000) can0 100#4A39C80100000000
(1717243263.857000) can0 300#9802500400000000
(1717243263.860000) can0 100#5939C70100000000
(1717243263.880000) can0 100#6839C60100000000
(1717243263.900000) can0 100#7739C50100000000
(1717243263.903000) can0 200#C60DAD02B2000000
(1717243263.907000) can0 300#9902500400000000
(1717243263.920000) can0 100#8639C50100000000
(1717243263.940000) can0 100#9539C40100000000
(1717243263.957000) can0 300#9B02500400000000
(1717243263.960000) can0 100#A439C30100000000
(1717243263.980000) can0 100#B439C20100000000
(1717243264.000000) can0 100#C339C20100000000
(1717243264.003000) can0 200#C60DAB02B2000000
(1717243264.007000) can0 300#9C02500400000000
(1717243264.020000) can0 100#D339C10100000000
(1717243264.040000) can0 100#E239C00100000000
(1717243264.057000) can0 300#9D02500400000000
(1717243264.060000) can0 100#F239BF0100000000
(1717243264.080000) can0 100#023ABE0100000000
(1717243264.100000) can0 100#123ABD0100000000
(1717243264.103000) can0 200#C60DA802B2000000
(1717243264.107000) can0 300#9E02500400000000
(1717243264.120000) can0 100#223ABC0100000000
(1717243264.140000) can0 100#323ABB0100000000
(1717243264.157000) can0 300#9F02500400000000
(1717243264.160000) can0 100#423ABA0100000000
(1717243264.180000) can0 100#533AB90100000000
(1717243264.200000) can0 100#633AB80100000000
(1717243264.203000) can0 200#C60DA402B2000000
(1717243264.207000) can0 300#A002500400000000
(1717243264.220000) can0 100#743AB70100000000
(1717243264.240000) can0 100#843AB60100000000
(1717243264.257000) can0 300#A202500400000000
(1717243264.260000) can0 100#953AB50100000000
(1717243264.280000) can0 100#A63AB30100000000
(1717243264.300000) can0 100#B63AB20100000000
(1717243264.303000) can0 200#C60DA102B2000000
(1717243264.307000) can0 300#A302500400000000
(1717243264.320000) can0 100#C73AB10100000000
(1717243264.340000) can0 100#D83AB00100000000
(1717243264.357000) can0 300#A402500400000000
(1717243264.360000) can0 100#E93AAE0100000000
(1717243264.380000) can0 100#FA3AAD0100000000
(1717243264.400000) can0 100#0B3BAC0100000000
(1717243264.403000) can0 200#C60D9D02B2000000
(1717243264.407000) can0 300#A502500400000000
(1717243264.420000) can0 100#1D3BAB0100000000
(1717243264.440000) can0 100#2E3BA90100000000
(1717243264.457000) can0 300#A602500400000000
(1717243264.460000) can0 100#3F3BA80100000000
(1717243264.480000) can0 100#513BA60100000000
(1717243264.500000) can0 100#623BA50100000000
(1717243264.503000) can0 200#C50D9902B2000000
(1717243264.507000) can0 300#A702500400000000
(1717243264.520000) can0 100#743BA40100000000
(1717243264.540000) can0 100#853BA20100000000
(1717243264.557000) can0 300#A802500400000000
(1717243264.560000) can0 100#973BA10100000000
(1717243264.580000) can0 100#A93B9F0100000000
(1717243264.600000) can0 100#BA3B9E0100000000
(1717243264.603000) can0 200#C50D9402B2000000
(1717243264.607000) can0 300#A902500400000000
(1717243264.620000) can0 100#CC3B9C0100000000
(1717243264.640000) can0 100#DE3B9B0100000000
(1717243264.657000) can0 300#AB02500400000000
(1717243264.660000) can0 100#F03B990100000000
(1717243264.680000) can0 100#023C970100000000
(1717243264.700000) can0 100#143C960100000000
(1717243264.703000) can0 200#C50D8F02B2000000
(1717243264.707000) can0 300#AC02500400000000
(1717243264.720000) can0 100#263C940100000000
(1717243264.740000) can0 100#383C930100000000
(1717243264.757000) can0 300#AD02500400000000
(1717243264.760000) can0 100#4A3C910100000000
(1717243264.780000) can0 100#5C3C8F0100000000
(1717243264.800000) can0 100#6E3C8D0100000000
(1717243264.803000) can0 200#C50D8A02B2000000
(1717243264.807000) can0 300#AE02500400000000
(1717243264.820000) can0 100#803C8C0100000000
(1717243264.840000) can0 100#933C8A0100000000
(1717243264.857000) can0 300#AF02500400000000
(1717243264.860000) can0 100#A53C880100000000
(1717243264.880000) can0 100#B73C870100000000
(1717243264.900000) can0 100#C93C850100000000
(1717243264.903000) can0 200#C50D8502B2000000
(1717243264.907000) can0 300#B002500400000000
(1717243264.920000) can0 100#DC3C830100000000
(1717243264.940000) can0 100#EE3C810100000000
(1717243264.957000) can0 300#B102500400000000
(1717243264.960000) can0 100#003D7F0100000000
(1717243264.980000) can0 100#133D7E0100000000
(1717243265.000000) can0 100#253D7C0100000000
(1717243265.003000) can0 200#C50D7F02B1000000
(1717243265.007000) can0 300#B202500400000000
(1717243265.020000) can0 100#373D7A0100000000
(1717243265.040000) can0 100#4A3D780100000000
(1717243265.057000) can0 300#B302500400000000
(1717243265.060000) can0 100#5C3D760100000000
(1717243265.080000) can0 100#6E3D740100000000
(1717243265.100000) can0 100#813D720100000000
(1717243265.103000) can0 200#C50D7902B1000000
(1717243265.107000) can0 300#B402500400000000
(1717243265.120000) can0 100#933D700100000000
(1717243265.140000) can0 100#A53D6E0100000000
(1717243265.157000) can0 300#B502500400000000
(1717243265.160000) can0 100#B83D6C0100000000
(1717243265.180000) can0 100#CA3D6B0100000000
(1717243265.200000) can0 100#DD3D690100000000
(1717243265.203000) can0 200#C50D7302B1000000
(1717243265.207000) can0 300#B602500400000000
(1717243265.220000) can0 100#EF3D670100000000
(1717243265.240000) can0 100#013E650100000000
(1717243265.257000) can0 300#B702510400000000
(1717243265.260000) can0 100#133E630100000000
(1717243265.280000) can0 100#263E610100000000
(1717243265.300000) can0 100#383E5F0100000000
(1717243265.303000) can0 200#C50D6D02B1000000
(1717243265.307000) can0 300#B802510400000000
(1717243265.320000) can0 100#4A3E5D0100000000
(1717243265.340000) can0 100#5C3E5B0100000000
(1717243265.357000) can0 300#B902510400000000
(1717243265.360000) can0 100#6F3E590100000000
(1717243265.380000) can0 100#813E570100000000
(1717243265.400000) can0 100#933E550100000000
(1717243265.403000) can0 200#C50D6702B1000000
(1717243265.407000) can0 300#BA02510400000000
(1717243265.420000) can0 100#A53E530100000000
(1717243265.440000) can0 100#B73E510100000000
(1717243265.457000) can0 300#BB02510400000000
(1717243265.460000) can0 100#C93E4F0100000000
(1717243265.480000) can0 100#DB3E4D0100000000
(1717243265.500000) can0 100#ED3E4A0100000000
(1717243265.503000) can0 200#C50D6002B1000000
(1717243265.507000) can0 300#BC02510400000000
(1717243265.520000) can0 100#FF3E480100000000
(1717243265.540000) can0 100#103F460100000000
(1717243265.557000) can0 300#BD02510400000000
(1717243265.560000) can0 100#223F440100000000
(1717243265.580000) can0 100#343F420100000000
(1717243265.600000) can0 100#463F400100000000
(1717243265.603000) can0 200#C50D5902B1000000
(1717243265.607000) can0 300#BE02510400000000
(1717243265.620000) can0 100#573F3E0100000000
(1717243265.640000) can0 100#693F3C0100000000
(1717243265.657000) can0 300#BF02510400000000
(1717243265.660000) can0 100#7A3F3A0100000000
(1717243265.680000) can0 100#8C3F380100000000
(1717243265.700000) can0 100#9D3F360100000000
(1717243265.703000) can0 200#C50D5202B1000000
(1717243265.707000) can0 300#C002510400000000
(1717243265.720000) can0 100#AE3F340100000000
(1717243265.740000) can0 100#BF3F320100000000
(1717243265.757000) can0 300#C002510400000000
(1717243265.760000) can0 100#D13F300100000000
(1717243265.780000) can0 100#E23F2E0100000000
(1717243265.800000) can0 100#F33F2C0100000000
(1717243265.803000) can0 200#C50D4C02B1000000
(1717243265.807000) can0 300#C102510400000000
(1717243265.820000) can0 100#03402A0100000000
(1717243265.840000) can0 100#1440280100000000
(1717243265.857000) can0 300#C202510400000000
(1717243265.860000) can0 100#2540260100000000
(1717243265.880000) can0 100#3640240100000000
(1717243265.900000) can0 100#4640220100000000
(1717243265.903000) can0 200#C50D4502B1000000
(1717243265.907000) can0 300#C302510400000000
(1717243265.920000) can0 100#5740200100000000
(1717243265.940000) can0 100#67401E0100000000
(1717243265.957000) can0 300#C402510400000000
(1717243265.960000) can0 100#77401C0100000000
(1717243265.980000) can0 100#88401A0100000000
(1717243266.000000) can0 100#9840180100000000
(1717243266.003000) can0 200#C50D3E02B1000000
(1717243266.007000) can0 300#C502510400000000
(1717243266.020000) can0 100#A840160100000000
(1717243266.040000) can0 100#B740150100000000
(1717243266.057000) can0 300#C602510400000000
(1717243266.060000) can0 100#C740130100000000
(1717243266.080000) can0 100#D740110100000000
(1717243266.100000) can0 100#E7400F0100000000
(1717243266.103000) can0 200#C50D3702B1000000
(1717243266.107000) can0 300#C702510400000000
(1717243266.120000) can0 100#F6400D0100000000
(1717243266.140000) can0 100#05410B0100000000
(1717243266.157000) can0 300#C702510400000000
(1717243266.160000) can0 100#1541090100000000
(1717243266.180000) can0 100#2441080100000000
(1717243266.200000) can0 100#3341060100000000
(1717243266.203000) can0 200#C50D3002B1000000
(1717243266.207000) can0 300#C802510400000000
(1717243266.220000) can0 100#4241040100000000
(1717243266.240000) can0 100#5041020100000000
(1717243266.257000) can0 300#C902510400000000
(1717243266.260000) can0 100#5F41000100000000
(1717243266.280000) can0 100#6E41FF0000000000
(1717243266.300000) can0 100#7C41FD0000000000
(1717243266.303000) can0 200#C50D2902B1000000
(1717243266.307000) can0 300#CA02510400000000
(1717243266.320000) can0 100#8A41FB0000000000
(1717243266.340000) can0 100#9841FA0000000000
(1717243266.357000) can0 300#CB02510400000000
(1717243266.360000) can0 100#A641F80000000000
(1717243266.380000) can0 100#B441F60000000000
(1717243266.400000) can0 100#C241F50000000000
(1717243266.403000) can0 200#C50D2202B1000000
(1717243266.407000) can0 300#CC02510400000000
(1717243266.420000) can0 100#D041F30000000000
(1717243266.440000) can0 100#DD41F10000000000
(1717243266.457000) can0 300#CC02510400000000
(1717243266.460000) can0 100#EB41F00000000000
(1717243266.480000) can0 100#F841EE0000000000
(1717243266.500000) can0 100#0542ED0000000000
(1717243266.503000) can0 200#C50D1B02B1000000
(1717243266.507000) can0 300#CD02510400000000
(1717243266.520000) can0 100#1242EB0000000000
(1717243266.540000) can0 100#1F42EA0000000000
(1717243266.557000) can0 300#CE02510400000000
(1717243266.560000) can0 100#2B42E80000000000
(1717243266.580000) can0 100#3842E70000000000
(1717243266.600000) can0 100#4442E50000000000
(1717243266.603000) can0 200#C50D1402B1000000
(1717243266.607000) can0 300#CF02510400000000
(1717243266.620000) can0 100#5042E40000000000
(1717243266.640000) can0 100#5C42E30000000000
(1717243266.657000) can0 300#CF02510400000000
(1717243266.660000) can0 100#6842E10000000000
(1717243266.680000) can0 100#7442E00000000000
(1717243266.700000) can0 100#7F42DF0000000000
(1717243266.703000) can0 200#C50D0D02B1000000
(1717243266.707000) can0 300#D002510400000000
(1717243266.720000) can0 100#8B42DD0000000000
(1717243266.740000) can0 100#9642DC0000000000
(1717243266.757000) can0 300#D102510400000000
(1717243266.760000) can0 100#A142DB0000000000
(1717243266.780000) can0 100#AC42DA0000000000
(1717243266.800000) can0 100#B742D80000000000
(1717243266.803000) can0 200#C50D0702B1000000
(1717243266.807000) can0 300#D202510400000000
(1717243266.820000) can0 100#C242D70000000000
(1717243266.840000) can0 100#CC42D60000000000
(1717243266.857000) can0 300#D202510400000000
(1717243266.860000) can0 100#D742D50000000000
(1717243266.880000) can0 100#E142D40000000000
(1717243266.900000) can0 100#EB42D30000000000
(1717243266.903000) can0 200#C50D0002B1000000
(1717243266.907000) can0 300#D302510400000000
(1717243266.920000) can0 100#F542D20000000000
(1717243266.940000) can0 100#FE42D10000000000
(1717243266.957000) can0 300#D402510400000000
(1717243266.960000) can0 100#0843D00000000000
(1717243266.980000) can0 100#1143CF0000000000
(1717243267.000000) can0 100#1A43CE0000000000
(1717243267.003000) can0 200#C50DFA01B1000000
(1717243267.007000) can0 300#D502510400000000
(1717243267.020000) can0 100#2343CD0000000000
(1717243267.040000) can0 100#2C43CC0000000000
(1717243267.057000) can0 300#D502510400000000
(1717243267.060000) can0 100#3543CB0000000000
(1717243267.080000) can0 100#3D43CA0000000000
(1717243267.100000) can0 100#4543CA0000000000
(1717243267.103000) can0 200#C50DF401B1000000
(1717243267.107000) can0 300#D602510400000000
(1717243267.120000) can0 100#4E43C90000000000
(1717243267.140000) can0 100#5643C80000000000
(1717243267.157000) can0 300#D702510400000000
(1717243267.160000) can0 100#5D43C80000000000
(1717243267.180000) can0 100#6543C70000000000
(1717243267.200000) can0 100#6C43C60000000000
(1717243267.203000) can0 200#C50DEE01B1000000
(1717243267.207000) can0 300#D702510400000000
(1717243267.220000) can0 100#7443C60000000000
(1717243267.240000) can0 100#7B43C50000000000
(1717243267.257000) can0 300#D802510400000000
(1717243267.260000) can0 100#8243C40000000000
(1717243267.280000) can0 100#8943C40000000000
(1717243267.300000) can0 100#8F43C30000000000
(1717243267.303000) can0 200#C50DE801B1000000
(1717243267.307000) can0 300#D902510400000000
(1717243267.320000) can0 100#9643C30000000000
(1717243267.340000) can0 100#9C43C20000000000
(1717243267.357000) can0 300#D902510400000000
(1717243267.360000) can0 100#A243C20000000000
(1717243267.380000) can0 100#A843C20000000000
(1717243267.400000) can0 100#AD43C10000000000
(1717243267.403000) can0 200#C50DE301B1000000
(1717243267.407000) can0 300#DA02510400000000
(1717243267.420000) can0 100#B343C10000000000
(1717243267.440000) can0 100#B843C10000000000
(1717243267.457000) can0 300#DA02510400000000
(1717243267.460000) can0 100#BD43C00000000000
(1717243267.480000) can0 100#C343C00000000000
(1717243267.500000) can0 100#C743C00000000000
(1717243267.503000) can0 200#C50DDE01B1000000
(1717243267.507000) can0 300#DB02510400000000
(1717243267.520000) can0 100#CC43C00000000000
(1717243267.540000) can0 100#D043C00000000000
(1717243267.557000) can0 300#DC02510400000000
(1717243267.560000) can0 100#D543C00000000000
(1717243267.580000) can0 100#D943BF0000000000
(1717243267.600000) can0 100#DD43BF0000000000
(1717243267.603000) can0 200#C50DD901B1000000
(1717243267.607000) can0 300#DC02510400000000
(1717243267.620000) can0 100#E143BF0000000000
(1717243267.640000) can0 100#E443BF0000000000
(1717243267.657000) can0 300#DD02510400000000
(1717243267.660000) can0 100#E843BF0000000000
(1717243267.680000) can0 100#EB43BF0000000000
(1717243267.700000) can0 100#EE43BF0000000000
(1717243267.703000) can0 200#C50DD401B1000000
(1717243267.707000) can0 300#DD02510400000000
(1717243267.720000) can0 100#F143C00000000000
(1717243267.740000) can0 100#F443C00000000000
(1717243267.757000) can0 300#DE02510400000000
(1717243267.760000) can0 100#F643C00000000000
(1717243267.780000) can0 100#F943C00000000000
(1717243267.800000) can0 100#FB43C00000000000
(1717243267.803000) can0 200#C50DD001B1000000
(1717243267.807000) can0 300#DF02510400000000
(1717243267.820000) can0 100#FD43C00000000000
(1717243267.840000) can0 100#FF43C10000000000
(1717243267.857000) can0 300#DF02510400000000
(1717243267.860000) can0 100#0144C10000000000
(1717243267.880000) can0 100#0244C10000000000
(1717243267.900000) can0 100#0444C20000000000
(1717243267.903000) can0 200#C50DCC01B1000000
(1717243267.907000) can0 300#E002510400000000
(1717243267.920000) can0 100#0544C20000000000
(1717243267.940000) can0 100#0644C20000000000
(1717243267.957000) can0 300#E002510400000000
(1717243267.960000) can0 100#0744C30000000000
(1717243267.980000) can0 100#0844C30000000000
(1717243268.000000) can0 100#0844C40000000000
(1717243268.003000) can0 200#C50DC801B1000000
(1717243268.007000) can0 300#E102510400000000
(1717243268.020000) can0 100#0944C40000000000
(1717243268.040000) can0 100#0944C50000000000
(1717243268.057000) can0 300#E102510400000000
(1717243268.060000) can0 100#0944C50000000000
(1717243268.080000) can0 100#0944C60000000000
(1717243268.100000) can0 100#0944C70000000000
(1717243268.103000) can0 200#C50DC401B1000000
(1717243268.107000) can0 300#E202510400000000
(1717243268.120000) can0 100#0944C70000000000
(1717243268.140000) can0 100#0844C80000000000
(1717243268.157000) can0 300#E202510400000000
(1717243268.160000) can0 100#0744C90000000000
(1717243268.180000) can0 100#0744C90000000000
(1717243268.200000) can0 100#0644CA0000000000
(1717243268.203000) can0 200#C50DC101B1000000
(1717243268.207000) can0 300#E302510400000000
(1717243268.220000) can0 100#0444CB0000000000
(1717243268.240000) can0 100#0344CB0000000000
(1717243268.257000) can0 300#E302510400000000
(1717243268.260000) can0 100#0244CC0000000000
(1717243268.280000) can0 100#0044CD0000000000
(1717243268.300000) can0 100#FF43CE0000000000
(1717243268.303000) can0 200#C50DBE01B1000000
(1717243268.307000) can0 300#E402510400000000
(1717243268.320000) can0 100#FD43CF0000000000
(1717243268.340000) can0 100#FB43D00000000000
(1717243268.357000) can0 300#E402510400000000
(1717243268.360000) can0 100#F943D10000000000
(1717243268.380000) can0 100#F643D10000000000
(1717243268.400000) can0 100#F443D20000000000
(1717243268.403000) can0 200#C50DBB01B1000000
(1717243268.407000) can0 300#E402510400000000
(1717243268.420000) can0 100#F143D30000000000
(1717243268.440000) can0 100#EF43D40000000000
(1717243268.457000) can0 300#E502510400000000
(1717243268.460000) can0 100#EC43D50000000000
(1717243268.480000) can0 100#E943D60000000000
(1717243268.500000) can0 100#E643D70000000000
(1717243268.503000) can0 200#C50DB901B1000000
(1717243268.507000) can0 300#E502510400000000
(1717243268.520000) can0 100#E343D80000000000
(1717243268.540000) can0 100#DF43D90000000000
(1717243268.557000) can0 300#E602510400000000
(1717243268.560000) can0 100#DC43DA0000000000
(1717243268.580000) can0 100#D843DB0000000000
(1717243268.600000) can0 100#D543DD0000000000
(1717243268.603000) can0 200#C50DB701B1000000
(1717243268.607000) can0 300#E602510400000000
(1717243268.620000) can0 100#D143DE0000000000
(1717243268.640000) can0 100#CD43DF0000000000
(1717243268.657000) can0 300#E602510400000000
(1717243268.660000) can0 100#C943E00000000000
(1717243268.680000) can0 100#C543E10000000000
(1717243268.700000) can0 100#C143E20000000000
(1717243268.703000) can0 200#C50DB501B1000000
(1717243268.707000) can0 300#E702510400000000
(1717243268.720000) can0 100#BC43E30000000000
(1717243268.740000) can0 100#B843E50000000000
(1717243268.757000) can0 300#E702510400000000
(1717243268.760000) can0 100#B343E60000000000
(1717243268.780000) can0 100#AF43E70000000000
(1717243268.800000) can0 100#AA43E80000000000
(1717243268.803000) can0 200#C60DB301B1000000
(1717243268.807000) can0 300#E802510400000000
(1717243268.820000) can0 100#A543EA0000000000
(1717243268.840000) can0 100#A043EB0000000000
(1717243268.857000) can0 300#E802510400000000
(1717243268.860000) can0 100#9B43EC0000000000
(1717243268.880000) can0 100#9643ED0000000000
(1717243268.900000) can0 100#9043EF0000000000
(1717243268.903000) can0 200#C60DB201B1000000
(1717243268.907000) can0 300#E802510400000000
(1717243268.920000) can0 100#8B43F00000000000
(1717243268.940000) can0 100#8543F10000000000
(1717243268.957000) can0 300#E902510400000000
(1717243268.960000) can0 100#8043F20000000000
(1717243268.980000) can0 100#7A43F40000000000
(1717243269.000000) can0 100#7543F50000000000
(1717243269.003000) can0 200#C60DB101B1000000
(1717243269.007000) can0 300#E902510400000000
(1717243269.020000) can0 100#6F43F60000000000
(1717243269.040000) can0 100#6943F80000000000
(1717243269.057000) can0 300#E902510400000000
(1717243269.060000) can0 100#6343F90000000000
(1717243269.080000) can0 100#5D43FA0000000000
(1717243269.100000) can0 100#5743FC0000000000
(1717243269.103000) can0 200#C60DB001B1000000
(1717243269.107000) can0 300#EA02510400000000
(1717243269.120000) can0 100#5143FD0000000000
(1717243269.140000) can0 100#4A43FE0000000000
(1717243269.157000) can0 300#EA02510400000000
(1717243269.160000) can0 100#4443000100000000
(1717243269.180000) can0 100#3E43010100000000
(1717243269.200000) can0 100#3743020100000000
(1717243269.203000) can0 200#C60DAF01B1000000
(1717243269.207000) can0 300#EA02510400000000
(1717243269.220000) can0 100#3143040100000000
(1717243269.240000) can0 100#2A43050100000000
(1717243269.257000) can0 300#EA02510400000000
(1717243269.260000) can0 100#2443060100000000
(1717243269.280000) can0 100#1D43080100000000
(1717243269.300000) can0 100#1643090100000000
(1717243269.303000) can0 200#C60DAF01B1000000
(1717243269.307000) can0 300#EB02510400000000
(1717243269.320000) can0 100#10430A0100000000
(1717243269.340000) can0 100#09430C0100000000
(1717243269.357000) can0 300#EB02510400000000
(1717243269.360000) can0 100#02430D0100000000
(1717243269.380000) can0 100#FB420E0100000000
(1717243269.400000) can0 100#F442100100000000
(1717243269.403000) can0 200#C60DAF01B1000000
(1717243269.407000) can0 300#EB02510400000000
(1717243269.420000) can0 100#ED42110100000000
(1717243269.440000) can0 100#E642120100000000
(1717243269.457000) can0 300#EC02510400000000
(1717243269.460000) can0 100#DF42140100000000
(1717243269.480000) can0 100#D842150100000000
(1717243269.500000) can0 100#D142160100000000
(1717243269.503000) can0 200#C60DAF01B1000000
(1717243269.507000) can0 300#EC02510400000000
(1717243269.520000) can0 100#CA42180100000000
(1717243269.540000) can0 100#C342190100000000
(1717243269.557000) can0 300#EC02510400000000
(1717243269.560000) can0 100#BB421A0100000000
(1717243269.580000) can0 100#B4421B0100000000
(1717243269.600000) can0 100#AD421D0100000000
(1717243269.603000) can0 200#C60DAF01B1000000
(1717243269.607000) can0 300#EC02510400000000
(1717243269.620000) can0 100#A6421E0100000000
(1717243269.640000) can0 100#9F421F0100000000
(1717243269.657000) can0 300#EC02510400000000
(1717243269.660000) can0 100#9742200100000000
(1717243269.680000) can0 100#9042220100000000
(1717243269.700000) can0 100#8942230100000000
(1717243269.703000) can0 200#C60DAF01B1000000
(1717243269.707000) can0 300#ED02510400000000
(1717243269.720000) can0 100#8142240100000000
(1717243269.740000) can0 100#7A42250100000000
(1717243269.757000) can0 300#ED02510400000000
(1717243269.760000) can0 100#7342260100000000
(1717243269.780000) can0 100#6C42280100000000
(1717243269.800000) can0 100#6442290100000000
(1717243269.803000) can0 200#C60DB001B1000000
(1717243269.807000) can0 300#ED02510400000000
(1717243269.820000) can0 100#5D422A0100000000
(1717243269.840000) can0 100#56422B0100000000
(1717243269.857000) can0 300#ED02510400000000
(1717243269.860000) can0 100#4E422C0100000000
(1717243269.880000) can0 100#47422D0100000000
(1717243269.900000) can0 100#40422E0100000000
(1717243269.903000) can0 200#C70DB001B1000000
(1717243269.907000) can0 300#ED02510400000000
(1717243269.920000) can0 100#39422F0100000000
(1717243269.940000) can0 100#3242310100000000
(1717243269.957000) can0 300#ED02510400000000
(1717243269.960000) can0 100#2A42320100000000
(1717243269.980000) can0 100#2342330100000000
(1717243270.000000) can0 100#1C42340100000000
(1717243270.003000) can0 200#C70DB101B1000000
(1717243270.007000) can0 300#EE02510400000000
(1717243270.020000) can0 100#1542350100000000
(1717243270.040000) can0 100#0E42360100000000
(1717243270.057000) can0 300#EE02510400000000
(1717243270.060000) can0 100#0742370100000000
(1717243270.080000) can0 100#0042380100000000
(1717243270.100000) can0 100#F941380100000000
(1717243270.103000) can0 200#C70DB201B1000000
(1717243270.107000) can0 300#EE02510400000000
(1717243270.120000) can0 100#F241390100000000
(1717243270.140000) can0 100#EB413A0100000000
(1717243270.157000) can0 300#EE02510400000000
(1717243270.160000) can0 100#E4413B0100000000
(1717243270.180000) can0 100#DD413C0100000000
(1717243270.200000) can0 100#D6413D0100000000
(1717243270.203000) can0 200#C70DB201B1000000
(1717243270.207000) can0 300#EE02510400000000
(1717243270.220000) can0 100#CF413E0100000000
(1717243270.240000) can0 100#C9413F0100000000
(1717243270.257000) can0 300#EE02510400000000
(1717243270.260000) can0 100#C2413F0100000000
(1717243270.280000) can0 100#BB41400100000000
(1717243270.300000) can0 100#B541410100000000
(1717243270.303000) can0 200#C70DB301B1000000
(1717243270.307000) can0 300#EE02510400000000
(1717243270.320000) can0 100#AE41420100000000
(1717243270.340000) can0 100#A841420100000000
(1717243270.357000) can0 300#EE02510400000000
(1717243270.360000) can0 100#A141430100000000
(1717243270.380000) can0 100#9B41440100000000
(1717243270.400000) can0 100#9541440100000000
(1717243270.403000) can0 200#C70DB401B1000000
(1717243270.407000) can0 300#EE02510400000000
(1717243270.420000) can0 100#8F41450100000000
(1717243270.440000) can0 100#8841450100000000
(1717243270.457000) can0 300#EE02510400000000
(1717243270.460000) can0 100#8241460100000000
(1717243270.480000) can0 100#7C41470100000000
(1717243270.500000) can0 100#7641470100000000
(1717243270.503000) can0 200#C70DB501B1000000
(1717243270.507000) can0 300#EE02510400000000
(1717243270.520000) can0 100#7041480100000000
(1717243270.540000) can0 100#6B41480100000000
(1717243270.557000) can0 300#EE02510400000000
(1717243270.560000) can0 100#6541490100000000
(1717243270.580000) can0 100#5F41490100000000
(1717243270.600000) can0 100#5941490100000000
(1717243270.603000) can0 200#C70DB601B1000000
(1717243270.607000) can0 300#EE02510400000000
(1717243270.620000) can0 100#54414A0100000000
(1717243270.640000) can0 100#4E414A0100000000
(1717243270.657000) can0 300#EE02510400000000
(1717243270.660000) can0 100#49414B0100000000
(1717243270.680000) can0 100#44414B0100000000
(1717243270.700000) can0 100#3F414B0100000000
(1717243270.703000) can0 200#C70DB601B1000000
(1717243270.707000) can0 300#EE02510400000000
(1717243270.720000) can0 100#39414C0100000000
(1717243270.740000) can0 100#34414C0100000000
(1717243270.757000) can0 300#EE02510400000000
(1717243270.760000) can0 100#2F414C0100000000
(1717243270.780000) can0 100#2A414C0100000000
(1717243270.800000) can0 100#26414C0100000000
(1717243270.803000) can0 200#C80DB701B1000000
(1717243270.807000) can0 300#EE02510400000000
(1717243270.820000) can0 100#21414D0100000000
(1717243270.840000) can0 100#1C414D0100000000
(1717243270.857000) can0 300#EE02510400000000
(1717243270.860000) can0 100#18414D0100000000
(1717243270.880000) can0 100#13414D0100000000
(1717243270.900000) can0 100#0F414D0100000000
(1717243270.903000) can0 200#C80DB801B1000000
(1717243270.907000) can0 300#EE02510400000000
(1717243270.920000) can0 100#0B414D0100000000
(1717243270.940000) can0 100#07414D0100000000
(1717243270.957000) can0 300#EE02510400000000
(1717243270.960000) can0 100#02414D0100000000
(1717243270.980000) can0 100#FE404D0100000000
(1717243271.000000) can0 100#FB404D0100000000
(1717243271.003000) can0 200#C80DB801B1000000
(1717243271.007000) can0 300#EE02510400000000
(1717243271.020000) can0 100#F7404D0100000000
(1717243271.040000) can0 100#F3404D0100000000
(1717243271.057000) can0 300#EE02510400000000
(1717243271.060000) can0 100#F0404D0100000000
(1717243271.080000) can0 100#EC404D0100000000
(1717243271.100000) can0 100#E9404C0100000000
(1717243271.103000) can0 200#C80DB801B1000000
(1717243271.107000) can0 300#EE02510400000000
(1717243271.120000) can0 100#E5404C0100000000
(1717243271.140000) can0 100#E2404C0100000000
(1717243271.157000) can0 300#EE02510400000000
(1717243271.160000) can0 100#DF404C0100000000
(1717243271.180000) can0 100#DC404B0100000000
(1717243271.200000) can0 100#D9404B0100000000
(1717243271.203000) can0 200#C80DB801B1000000
(1717243271.207000) can0 300#EE02510400000000
(1717243271.220000) can0 100#D6404B0100000000
(1717243271.240000) can0 100#D4404B0100000000
(1717243271.257000) can0 300#EE02510400000000
(1717243271.260000) can0 100#D1404A0100000000
(1717243271.280000) can0 100#CF404A0100000000
(1717243271.300000) can0 100#CC40490100000000
(1717243271.303000) can0 200#C80DB801B1000000
(1717243271.307000) can0 300#EE02510400000000
(1717243271.320000) can0 100#CA40490100000000
(1717243271.340000) can0 100#C840490100000000
(1717243271.357000) can0 300#EE02510400000000
(1717243271.360000) can0 100#C640480100000000
(1717243271.380000) can0 100#C440480100000000
(1717243271.400000) can0 100#C240470100000000
(1717243271.403000) can0 200#C80DB801B1000000
(1717243271.407000) can0 300#ED02510400000000
(1717243271.420000) can0 100#C140470100000000
(1717243271.440000) can0 100#BF40460100000000
(1717243271.457000) can0 300#ED02510400000000
(1717243271.460000) can0 100#BD40460100000000
(1717243271.480000) can0 100#BC40450100000000
(1717243271.500000) can0 100#BB40440100000000
(1717243271.503000) can0 200#C80DB801B1000000
(1717243271.507000) can0 300#ED02510400000000
(1717243271.520000) can0 100#BA40440100000000
(1717243271.540000) can0 100#B840430100000000
(1717243271.557000) can0 300#ED02510400000000
(1717243271.560000) can0 100#B740430100000000
(1717243271.580000) can0 100#B740420100000000
(1717243271.600000) can0 100#B640410100000000
(1717243271.603000) can0 200#C90DB701B1000000
(1717243271.607000) can0 300#ED02510400000000
(1717243271.620000) can0 100#B540410100000000
(1717243271.640000) can0 100#B540400100000000
(1717243271.657000) can0 300#ED02510400000000
(1717243271.660000) can0 100#B4403F0100000000
(1717243271.680000) can0 100#B4403E0100000000
(1717243271.700000) can0 100#B4403E0100000000
(1717243271.703000) can0 200#C90DB601B1000000
(1717243271.707000) can0 300#EC02510400000000
(1717243271.720000) can0 100#B3403D0100000000
(1717243271.740000) can0 100#B3403C0100000000
(1717243271.757000) can0 300#EC02510400000000
(1717243271.760000) can0 100#B4403B0100000000
(1717243271.780000) can0 100#B4403A0100000000
(1717243271.800000) can0 100#B440390100000000
(1717243271.803000) can0 200#C90DB501B1000000
(1717243271.807000) can0 300#EC02510400000000
(1717243271.820000) can0 100#B440390100000000
(1717243271.840000) can0 100#B540380100000000
(1717243271.857000) can0 300#EC02510400000000
(1717243271.860000) can0 100#B540370100000000
(1717243271.880000) can0 100#B640360100000000
(1717243271.900000) can0 100#B740350100000000
(1717243271.903000) can0 200#C90DB401B1000000
(1717243271.907000) can0 300#EC02510400000000
(1717243271.920000) can0 100#B840340100000000
(1717243271.940000) can0 100#B940330100000000
(1717243271.957000) can0 300#EB02510400000000
(1717243271.960000) can0 100#BA40320100000000
(1717243271.980000) can0 100#BB40310100000000
(1717243272.000000) can0 100#BC40300100000000
(1717243272.003000) can0 200#C90DB201B1000000
(1717243272.007000) can0 300#EB02510400000000
(1717243272.020000) can0 100#BE402F0100000000
(1717243272.040000) can0 100#BF402E0100000000
(1717243272.057000) can0 300#EB02510400000000
(1717243272.060000) can0 100#C1402D0100000000
(1717243272.080000) can0 100#C2402C0100000000
(1717243272.100000) can0 100#C4402B0100000000
(1717243272.103000) can0 200#C90DB001B1000000
(1717243272.107000) can0 300#EB02510400000000
(1717243272.120000) can0 100#C6402A0100000000
(1717243272.140000) can0 100#C840290100000000
(1717243272.157000) can0 300#EA02510400000000
(1717243272.160000) can0 100#CA40280100000000
(1717243272.180000) can0 100#CC40270100000000
(1717243272.200000) can0 100#CE40260100000000
(1717243272.203000) can0 200#C90DAE01B1000000
(1717243272.207000) can0 300#EA02510400000000
(1717243272.220000) can0 100#D040250100000000
(1717243272.240000) can0 100#D340240100000000
(1717243272.257000) can0 300#EA02510400000000
(1717243272.260000) can0 100#D540230100000000
(1717243272.280000) can0 100#D840220100000000
(1717243272.300000) can0 100#DA40210100000000
(1717243272.303000) can0 200#CA0DAB01B1000000
(1717243272.307000) can0 300#E902510400000000
(1717243272.320000) can0 100#DD40200100000000
(1717243272.340000) can0 100#E0401F0100000000
(1717243272.357000) can0 300#E902510400000000
(1717243272.360000) can0 100#E3401D0100000000
(1717243272.380000) can0 100#E6401C0100000000
(1717243272.400000) can0 100#E9401B0100000000
(1717243272.403000) can0 200#CA0DA801B1000000
(1717243272.407000) can0 300#E902510400000000
(1717243272.420000) can0 100#EC401A0100000000
(1717243272.440000) can0 100#EF40190100000000
(1717243272.457000) can0 300#E802510400000000
(1717243272.460000) can0 100#F240180100000000
(1717243272.480000) can0 100#F540170100000000
(1717243272.500000) can0 100#F840160100000000
(1717243272.503000) can0 200#CA0DA501B1000000
(1717243272.507000) can0 300#E802510400000000
(1717243272.520000) can0 100#FC40150100000000
(1717243272.540000) can0 100#FF40140100000000
(1717243272.557000) can0 300#E802510400000000
(1717243272.560000) can0 100#0341120100000000
(1717243272.580000) can0 100#0641110100000000
(1717243272.600000) can0 100#0A41100100000000
(1717243272.603000) can0 200#CA0DA201B1000000
(1717243272.607000) can0 300#E702510400000000
(1717243272.620000) can0 100#0E410F0100000000
(1717243272.640000) can0 100#12410E0100000000
(1717243272.657000) can0 300#E702510400000000
(1717243272.660000) can0 100#15410D0100000000
(1717243272.680000) can0 100#19410C0100000000
(1717243272.700000) can0 100#1D410B0100000000
(1717243272.703000) can0 200#CA0D9E01B1000000
(1717243272.707000) can0 300#E702510400000000
(1717243272.720000) can0 100#21410A0100000000
(1717243272.740000) can0 100#2541090100000000
(1717243272.757000) can0 300#E602510400000000
(1717243272.760000) can0 100#2941080100000000
(1717243272.780000) can0 100#2D41070100000000
(1717243272.800000) can0 100#3141060100000000
(1717243272.803000) can0 200#CA0D9A01B1000000
(1717243272.807000) can0 300#E602510400000000
(1717243272.820000) can0 100#3541050100000000
(1717243272.840000) can0 100#3A41040100000000
(1717243272.857000) can0 300#E502510400000000
(1717243272.860000) can0 100#3E41030100000000
(1717243272.880000) can0 100#4241020100000000
(1717243272.900000) can0 100#4741010100000000
(1717243272.903000) can0 200#CB0D9601B1000000
(1717243272.907000) can0 300#E502510400000000
(1717243272.920000) can0 100#4B41000100000000
(1717243272.940000) can0 100#4F41FF0000000000
(1717243272.957000) can0 300#E402510400000000
(1717243272.960000) can0 100#5441FE0000000000
(1717243272.980000) can0 100#5841FD0000000000
(1717243273.000000) can0 100#5D41FC0000000000
(1717243273.003000) can0 200#CB0D9101B1000000
(1717243273.007000) can0 300#E402510400000000
(1717243273.020000) can0 100#6141FB0000000000
(1717243273.040000) can0 100#6541FA0000000000
(1717243273.057000) can0 300#E402510400000000
(1717243273.060000) can0 100#6A41F90000000000
(1717243273.080000) can0 100#6E41F80000000000
(1717243273.100000) can0 100#7341F70000000000
(1717243273.103000) can0 200#CB0D8C01B1000000
(1717243273.107000) can0 300#E302510400000000
(1717243273.120000) can0 100#7841F70000000000
(1717243273.140000) can0 100#7C41F60000000000
(1717243273.157000) can0 300#E302510400000000
(1717243273.160000) can0 100#8141F50000000000
(1717243273.180000) can0 100#8541F40000000000
(1717243273.200000) can0 100#8A41F30000000000
(1717243273.203000) can0 200#CB0D8701B1000000
(1717243273.207000) can0 300#E202510400000000
(1717243273.220000) can0 100#8E41F30000000000
(1717243273.240000) can0 100#9341F20000000000
(1717243273.257000) can0 300#E202510400000000
(1717243273.260000) can0 100#9741F10000000000
(1717243273.280000) can0 100#9C41F00000000000
(1717243273.300000) can0 100#A041F00000000000
(1717243273.303000) can0 200#CB0D8201B1000000
(1717243273.307000) can0 300#E102510400000000
(1717243273.320000) can0 100#A541EF0000000000
(1717243273.340000) can0 100#A941EE0000000000
(1717243273.357000) can0 300#E102510400000000
(1717243273.360000) can0 100#AE41EE0000000000
(1717243273.380000) can0 100#B241ED0000000000
(1717243273.400000) can0 100#B741EC0000000000
(1717243273.403000) can0 200#CB0D7C01B1000000
(1717243273.407000) can0 300#E002510400000000
(1717243273.420000) can0 100#BB41EC0000000000
(1717243273.440000) can0 100#C041EB0000000000
(1717243273.457000) can0 300#E002510400000000
(1717243273.460000) can0 100#C441EB0000000000
(1717243273.480000) can0 100#C841EA0000000000
(1717243273.500000) can0 100#CD41EA0000000000
(1717243273.503000) can0 200#CC0D7601B1000000
(1717243273.507000) can0 300#DF02510400000000
(1717243273.520000) can0 100#D141E90000000000
(1717243273.540000) can0 100#D541E90000000000
(1717243273.557000) can0 300#DF02510400000000
(1717243273.560000) can0 100#DA41E80000000000
(1717243273.580000) can0 100#DE41E80000000000
(1717243273.600000) can0 100#E241E80000000000
(1717243273.603000) can0 200#CC0D7001B1000000
(1717243273.607000) can0 300#DE02510400000000
(1717243273.620000) can0 100#E641E70000000000
(1717243273.640000) can0 100#EA41E70000000000
(1717243273.657000) can0 300#DD02510400000000
(1717243273.660000) can0 100#EE41E70000000000
(1717243273.680000) can0 100#F241E60000000000
(1717243273.700000) can0 100#F641E60000000000
(1717243273.703000) can0 200#CC0D6A01B1000000
(1717243273.707000) can0 300#DD02510400000000
(1717243273.720000) can0 100#FA41E60000000000
(1717243273.740000) can0 100#FE41E60000000000
(1717243273.757000) can0 300#DC02510400000000
(1717243273.760000) can0 100#0142E50000000000
(1717243273.780000) can0 100#0542E50000000000
(1717243273.800000) can0 100#0942E50000000000
(1717243273.803000) can0 200#CC0D6301B1000000
(1717243273.807000) can0 300#DC02510400000000
(1717243273.820000) can0 100#0C42E50000000000
(1717243273.840000) can0 100#1042E50000000000
(1717243273.857000) can0 300#DB02510400000000
(1717243273.860000) can0 100#1342E50000000000
(1717243273.880000) can0 100#1642E50000000000
(1717243273.900000) can0 100#1A42E50000000000
(1717243273.903000) can0 200#CC0D5D01B1000000
(1717243273.907000) can0 300#DB02510400000000
(1717243273.920000) can0 100#1D42E50000000000
(1717243273.940000) can0 100#2042E50000000000
(1717243273.957000) can0 300#DA02510400000000
(1717243273.960000) can0 100#2342E50000000000
(1717243273.980000) can0 100#2642E50000000000
(1717243274.000000) can0 100#2942E50000000000
(1717243274.003000) can0 200#CC0D5601B1000000
(1717243274.007000) can0 300#D902510400000000
(1717243274.020000) can0 100#2C42E60000000000
(1717243274.040000) can0 100#2E42E60000000000
(1717243274.057000) can0 300#D902510400000000
(1717243274.060000) can0 100#3142E60000000000
(1717243274.080000) can0 100#3342E60000000000
(1717243274.100000) can0 100#3642E60000000000
(1717243274.103000) can0 200#CD0D4F01B1000000
(1717243274.107000) can0 300#D802510400000000
(1717243274.120000) can0 100#3842E70000000000
(1717243274.140000) can0 100#3A42E70000000000
(1717243274.157000) can0 300#D702510400000000
(1717243274.160000) can0 100#3D42E80000000000
(1717243274.180000) can0 100#3F42E80000000000
(1717243274.200000) can0 100#4042E80000000000
(1717243274.203000) can0 200#CD0D4701B1000000
(1717243274.207000) can0 300#D702510400000000
(1717243274.220000) can0 100#4242E90000000000
(1717243274.240000) can0 100#4442E90000000000
(1717243274.257000) can0 300#D602510400000000
(1717243274.260000) can0 100#4642EA0000000000
(1717243274.280000) can0 100#4742EA0000000000
(1717243274.300000) can0 100#4942EB0000000000
(1717243274.303000) can0 200#CD0D4001B1000000
(1717243274.307000) can0 300#D502510400000000
(1717243274.320000) can0 100#4A42EB0000000000
(1717243274.340000) can0 100#4B42EC0000000000
(1717243274.357000) can0 300#D502510400000000
(1717243274.360000) can0 100#4C42ED0000000000
(1717243274.380000) can0 100#4D42ED0000000000
(1717243274.400000) can0 100#4E42EE0000000000
(1717243274.403000) can0 200#CD0D3901B1000000
(1717243274.407000) can0 300#D402510400000000
(1717243274.420000) can0 100#4E42EF0000000000
(1717243274.440000) can0 100#4F42F00000000000
(1717243274.457000) can0 300#D302510400000000
(1717243274.460000) can0 100#4F42F00000000000
(1717243274.480000) can0 100#5042F10000000000
(1717243274.500000) can0 100#5042F20000000000
(1717243274.503000) can0 200#CD0D3101B1000000
(1717243274.507000) can0 300#D302510400000000
(1717243274.520000) can0 100#5042F30000000000
(1717243274.540000) can0 100#5042F40000000000
(1717243274.557000) can0 300#D202510400000000
(1717243274.560000) can0 100#5042F50000000000
(1717243274.580000) can0 100#4F42F60000000000
(1717243274.600000) can0 100#4F42F70000000000
(1717243274.603000) can0 200#CD0D2A01B1000000
(1717243274.607000) can0 300#D102510400000000
(1717243274.620000) can0 100#4E42F80000000000
(1717243274.640000) can0 100#4E42F90000000000
(1717243274.657000) can0 300#D002510400000000
(1717243274.660000) can0 100#4D42FA0000000000
(1717243274.680000) can0 100#4C42FB0000000000
(1717243274.700000) can0 100#4A42FC0000000000
(1717243274.703000) can0 200#CE0D2201B1000000
(1717243274.707000) can0 300#D002510400000000
(1717243274.720000) can0 100#4942FD0000000000
(1717243274.740000) can0 100#4842FF0000000000
(1717243274.757000) can0 300#CF02510400000000
(1717243274.760000) can0 100#4642000100000000
(1717243274.780000) can0 100#4442010100000000
(1717243274.800000) can0 100#4242020100000000
(1717243274.803000) can0 200#CE0D1B01B1000000
(1717243274.807000) can0 300#CE02510400000000
(1717243274.820000) can0 100#4042040100000000
(1717243274.840000) can0 100#3E42050100000000
(1717243274.857000) can0 300#CD02510400000000
(1717243274.860000) can0 100#3C42060100000000
(1717243274.880000) can0 100#3942080100000000
(1717243274.900000) can0 100#3642090100000000
(1717243274.903000) can0 200#CE0D1401B1000000
(1717243274.907000) can0 300#CD02510400000000
(1717243274.920000) can0 100#34420A0100000000
(1717243274.940000) can0 100#31420C0100000000
(1717243274.957000) can0 300#CC02510400000000
(1717243274.960000) can0 100#2D420D0100000000
(1717243274.980000) can0 100#2A420F0100000000
(1717243275.000000) can0 100#2742100100000000
(1717243275.003000) can0 200#CE0D0C01B0000000
(1717243275.007000) can0 300#CB02510400000000
(1717243275.020000) can0 100#2342120100000000
(1717243275.040000) can0 100#1F42130100000000
(1717243275.057000) can0 300#CA02510400000000
(1717243275.060000) can0 100#1B42150100000000
(1717243275.080000) can0 100#1742170100000000
(1717243275.100000) can0 100#1342180100000000
(1717243275.103000) can0 200#CE0D0501B0000000
(1717243275.107000) can0 300#C902510400000000
(1717243275.120000) can0 100#0E421A0100000000
(1717243275.140000) can0 100#0A421C0100000000
(1717243275.157000) can0 300#C802510400000000
(1717243275.160000) can0 100#05421D0100000000
(1717243275.180000) can0 100#00421F0100000000
(1717243275.200000) can0 100#FB41210100000000
(1717243275.203000) can0 200#CF0DFE00B0000000
(1717243275.207000) can0 300#C802510400000000
(1717243275.220000) can0 100#F641220100000000
(1717243275.240000) can0 100#F041240100000000
(1717243275.257000) can0 300#C702510400000000
(1717243275.260000) can0 100#EB41260100000000
(1717243275.280000) can0 100#E541280100000000
(1717243275.300000) can0 100#DF412A0100000000
(1717243275.303000) can0 200#CF0DF600B0000000
(1717243275.307000) can0 300#C602510400000000
(1717243275.320000) can0 100#D9412B0100000000
(1717243275.340000) can0 100#D2412D0100000000
(1717243275.357000) can0 300#C502510400000000
(1717243275.360000) can0 100#CC412F0100000000
(1717243275.380000) can0 100#C541310100000000
(1717243275.400000) can0 100#BE41330100000000
(1717243275.403000) can0 200#CF0DEF00B0000000
(1717243275.407000) can0 300#C402510400000000
(1717243275.420000) can0 100#B741350100000000
(1717243275.440000) can0 100#B041370100000000
(1717243275.457000) can0 300#C302510400000000
(1717243275.460000) can0 100#A941390100000000
(1717243275.480000) can0 100#A1413B0100000000
(1717243275.500000) can0 100#9A413D0100000000
(1717243275.503000) can0 200#CF0DE900B0000000
(1717243275.507000) can0 300#C202510400000000
(1717243275.520000) can0 100#92413F0100000000
(1717243275.540000) can0 100#8A41410100000000
(1717243275.557000) can0 300#C202510400000000
(1717243275.560000) can0 100#8241430100000000
(1717243275.580000) can0 100#7941450100000000
(1717243275.600000) can0 100#7141470100000000
(1717243275.603000) can0 200#CF0DE200B0000000
(1717243275.607000) can0 300#C102510400000000
(1717243275.620000) can0 100#6841490100000000
(1717243275.640000) can0 100#5F414B0100000000
(1717243275.657000) can0 300#C002510400000000
(1717243275.660000) can0 100#56414D0100000000
(1717243275.680000) can0 100#4D414F0100000000
(1717243275.700000) can0 100#4341510100000000
(1717243275.703000) can0 200#CF0DDB00B0000000
(1717243275.707000) can0 300#BF02510400000000
(1717243275.720000) can0 100#3A41540100000000
(1717243275.740000) can0 100#3041560100000000
(1717243275.757000) can0 300#BE02510400000000
(1717243275.760000) can0 100#2641580100000000
(1717243275.780000) can0 100#1C415A0100000000
(1717243275.800000) can0 100#12415C0100000000
(1717243275.803000) can0 200#D00DD500B0000000
(1717243275.807000) can0 300#BD02510400000000
(1717243275.820000) can0 100#07415E0100000000
(1717243275.840000) can0 100#FD40610100000000
(1717243275.857000) can0 300#BC02510400000000
(1717243275.860000) can0 100#F240630100000000
(1717243275.880000) can0 100#E740650100000000
(1717243275.900000) can0 100#DC40670100000000
(1717243275.903000) can0 200#D00DCF00B0000000
(1717243275.907000) can0 300#BB02510400000000
(1717243275.920000) can0 100#D140690100000000
(1717243275.940000) can0 100#C5406C0100000000
(1717243275.957000) can0 300#BA02510400000000
(1717243275.960000) can0 100#BA406E0100000000
(1717243275.980000) can0 100#AE40700100000000
(1717243276.000000) can0 100#A240720100000000
(1717243276.003000) can0 200#D00DC900B0000000
(1717243276.007000) can0 300#B902510400000000
(1717243276.020000) can0 100#9640740100000000
(1717243276.040000) can0 100#8A40770100000000
(1717243276.057000) can0 300#B802510400000000
(1717243276.060000) can0 100#7D40790100000000
(1717243276.080000) can0 100#71407B0100000000
(1717243276.100000) can0 100#64407D0100000000
(1717243276.103000) can0 200#D00DC400B0000000
(1717243276.107000) can0 300#B702510400000000
(1717243276.120000) can0 100#57407F0100000000
(1717243276.140000) can0 100#4A40820100000000
(1717243276.157000) can0 300#B602510400000000
(1717243276.160000) can0 100#3D40840100000000
(1717243276.180000) can0 100#3040860100000000
(1717243276.200000) can0 100#2240880100000000
(1717243276.203000) can0 200#D00DBF00B0000000
(1717243276.207000) can0 300#B502510400000000
(1717243276.220000) can0 100#14408B0100000000
(1717243276.240000) can0 100#07408D0100000000
(1717243276.257000) can0 300#B402510400000000
(1717243276.260000) can0 100#F93F8F0100000000
(1717243276.280000) can0 100#EA3F910100000000
(1717243276.300000) can0 100#DC3F930100000000
(1717243276.303000) can0 200#D10DBA00B0000000
(1717243276.307000) can0 300#B302510400000000
(1717243276.320000) can0 100#CE3F960100000000
(1717243276.340000) can0 100#BF3F980100000000
(1717243276.357000) can0 300#B202510400000000
(1717243276.360000) can0 100#B13F9A0100000000
(1717243276.380000) can0 100#A23F9C0100000000
(1717243276.400000) can0 100#933F9E0100000000
(1717243276.403000) can0 200#D10DB500B0000000
(1717243276.407000) can0 300#B102510400000000
(1717243276.420000) can0 100#843FA00100000000
(1717243276.440000) can0 100#743FA30100000000
(1717243276.457000) can0 300#B002510400000000
(1717243276.460000) can0 100#653FA50100000000
(1717243276.480000) can0 100#553FA70100000000
(1717243276.500000) can0 100#463FA90100000000
(1717243276.503000) can0 200#D10DB100B0000000
(1717243276.507000) can0 300#AF02510400000000
(1717243276.520000) can0 100#363FAB0100000000
(1717243276.540000) can0 100#263FAD0100000000
(1717243276.557000) can0 300#AE02510400000000
(1717243276.560000) can0 100#163FAF0100000000
(1717243276.580000) can0 100#053FB10100000000
(1717243276.600000) can0 100#F53EB30100000000
(1717243276.603000) can0 200#D10DAC00B0000000
(1717243276.607000) can0 300#AD02510400000000
(1717243276.620000) can0 100#E53EB60100000000
(1717243276.640000) can0 100#D43EB80100000000
(1717243276.657000) can0 300#AC02510400000000
(1717243276.660000) can0 100#C33EBA0100000000
(1717243276.680000) can0 100#B23EBC0100000000
(1717243276.700000) can0 100#A13EBE0100000000
(1717243276.703000) can0 200#D10DA900B0000000
(1717243276.707000) can0 300#AB02510400000000
(1717243276.720000) can0 100#903EC00100000000
(1717243276.740000) can0 100#7F3EC20100000000
(1717243276.757000) can0 300#AA02510400000000
(1717243276.760000) can0 100#6E3EC40100000000
(1717243276.780000) can0 100#5C3EC60100000000
(1717243276.800000) can0 100#4B3EC80100000000
(1717243276.803000) can0 200#D10DA500B0000000
(1717243276.807000) can0 300#A902510400000000
(1717243276.820000) can0 100#393EC90100000000
(1717243276.840000) can0 100#273ECB0100000000
(1717243276.857000) can0 300#A702510400000000
(1717243276.860000) can0 100#163ECD0100000000
(1717243276.880000) can0 100#043ECF0100000000
(1717243276.900000) can0 100#F13DD10100000000
(1717243276.903000) can0 200#D20DA200B0000000
(1717243276.907000) can0 300#A602510400000000
(1717243276.920000) can0 100#DF3DD30100000000
(1717243276.940000) can0 100#CD3DD50100000000
(1717243276.957000) can0 300#A502510400000000
(1717243276.960000) can0 100#BB3DD70100000000
(1717243276.980000) can0 100#A83DD80100000000
(1717243277.000000) can0 100#963DDA0100000000
(1717243277.003000) can0 200#D20DA000B0000000
(1717243277.007000) can0 300#A402510400000000
(1717243277.020000) can0 100#833DDC0100000000
(1717243277.040000) can0 100#703DDE0100000000
(1717243277.057000) can0 300#A302510400000000
(1717243277.060000) can0 100#5D3DDF0100000000
(1717243277.080000) can0 100#4B3DE10100000000
(1717243277.100000) can0 100#383DE30100000000
(1717243277.103000) can0 200#D20D9D00B0000000
(1717243277.107000) can0 300#A202510400000000
(1717243277.120000) can0 100#253DE40100000000
(1717243277.140000) can0 100#113DE60100000000
(1717243277.157000) can0 300#A102510400000000
(1717243277.160000) can0 100#FE3CE80100000000
(1717243277.180000) can0 100#EB3CE90100000000
(1717243277.200000) can0 100#D73CEB0100000000
(1717243277.203000) can0 200#D20D9B00B0000000
(1717243277.207000) can0 300#A002510400000000
(1717243277.220000) can0 100#C43CEC0100000000
(1717243277.240000) can0 100#B13CEE0100000000
(1717243277.257000) can0 300#9E02510400000000
(1717243277.260000) can0 100#9D3CEF0100000000
(1717243277.280000) can0 100#893CF10100000000
(1717243277.300000) can0 100#763CF20100000000
(1717243277.303000) can0 200#D20D9900B0000000
(1717243277.307000) can0 300#9D02510400000000
(1717243277.320000) can0 100#623CF40100000000
(1717243277.340000) can0 100#4E3CF50100000000
(1717243277.357000) can0 300#9C02510400000000
(1717243277.360000) can0 100#3A3CF70100000000
(1717243277.380000) can0 100#263CF80100000000
(1717243277.400000) can0 100#123CF90100000000
(1717243277.403000) can0 200#D20D9800B0000000
(1717243277.407000) can0 300#9B02510400000000
(1717243277.420000) can0 100#FE3BFB0100000000
(1717243277.440000) can0 100#EA3BFC0100000000
(1717243277.457000) can0 300#9A02510400000000
(1717243277.460000) can0 100#D63BFD0100000000
(1717243277.480000) can0 100#C23BFE0100000000
(1717243277.500000) can0 100#AE3B000200000000
(1717243277.503000) can0 200#D30D9700B0000000
(1717243277.507000) can0 300#9802510400000000
(1717243277.520000) can0 100#9A3B010200000000
(1717243277.540000) can0 100#853B020200000000
(1717243277.557000) can0 300#9702510400000000
(1717243277.560000) can0 100#713B030200000000
(1717243277.580000) can0 100#5D3B040200000000
(1717243277.600000) can0 100#493B050200000000
(1717243277.603000) can0 200#D30D9600B0000000
(1717243277.607000) can0 300#9602510400000000
(1717243277.620000) can0 100#343B060200000000
(1717243277.640000) can0 100#203B080200000000
(1717243277.657000) can0 300#9502510400000000
(1717243277.660000) can0 100#0B3B090200000000
(1717243277.680000) can0 100#F73A0A0200000000
(1717243277.700000) can0 100#E33A0B0200000000
(1717243277.703000) can0 200#D30D9600B0000000
(1717243277.707000) can0 300#9402510400000000
(1717243277.720000) can0 100#CE3A0B0200000000
(1717243277.740000) can0 100#BA3A0C0200000000
(1717243277.757000) can0 300#9202510400000000
(1717243277.760000) can0 100#A53A0D0200000000
(1717243277.780000) can0 100#913A0E0200000000
(1717243277.800000) can0 100#7C3A0F0200000000
(1717243277.803000) can0 200#D30D9500B0000000
(1717243277.807000) can0 300#9102510400000000
(1717243277.820000) can0 100#683A100200000000
(1717243277.840000) can0 100#533A110200000000
(1717243277.857000) can0 300#9002510400000000
(1717243277.860000) can0 100#3F3A110200000000
(1717243277.880000) can0 100#2A3A120200000000
(1717243277.900000) can0 100#163A130200000000
(1717243277.903000) can0 200#D30D9500B0000000
(1717243277.907000) can0 300#8F02510400000000
(1717243277.920000) can0 100#013A140200000000
(1717243277.940000) can0 100#ED39140200000000
(1717243277.957000) can0 300#8D02510400000000
(1717243277.960000) can0 100#D839150200000000
(1717243277.980000) can0 100#C439160200000000
(1717243278.000000) can0 100#AF39160200000000
(1717243278.003000) can0 200#D30D9600B0000000
(1717243278.007000) can0 300#8C02510400000000
(1717243278.020000) can0 100#9B39170200000000
(1717243278.040000) can0 100#8739170200000000
(1717243278.057000) can0 300#8B02510400000000
(1717243278.060000) can0 100#7239180200000000
(1717243278.080000) can0 100#5E39180200000000
(1717243278.100000) can0 100#4A39190200000000
(1717243278.103000) can0 200#D40D9600B0000000
(1717243278.107000) can0 300#8A02510400000000
(1717243278.120000) can0 100#3539190200000000
(1717243278.140000) can0 100#21391A0200000000
(1717243278.157000) can0 300#8802510400000000
(1717243278.160000) can0 100#0D391A0200000000
(1717243278.180000) can0 100#F9381B0200000000
(1717243278.200000) can0 100#E5381B0200000000
(1717243278.203000) can0 200#D40D9700B0000000
(1717243278.207000) can0 300#8702510400000000
(1717243278.220000) can0 100#D1381B0200000000
(1717243278.240000) can0 100#BD381C0200000000
(1717243278.257000) can0 300#8602510400000000
(1717243278.260000) can0 100#A9381C0200000000
(1717243278.280000) can0 100#95381C0200000000
(1717243278.300000) can0 100#81381C0200000000
(1717243278.303000) can0 200#D40D9800B0000000
(1717243278.307000) can0 300#8402510400000000
(1717243278.320000) can0 100#6D381D0200000000
(1717243278.340000) can0 100#59381D0200000000
(1717243278.357000) can0 300#8302510400000000
(1717243278.360000) can0 100#45381D0200000000
(1717243278.380000) can0 100#31381D0200000000
(1717243278.400000) can0 100#1E381D0200000000
(1717243278.403000) can0 200#D40D9A00B0000000
(1717243278.407000) can0 300#8202510400000000
(1717243278.420000) can0 100#0A381D0200000000
(1717243278.440000) can0 100#F7371D0200000000
(1717243278.457000) can0 300#8002510400000000
(1717243278.460000) can0 100#E3371E0200000000
(1717243278.480000) can0 100#D0371E0200000000
(1717243278.500000) can0 100#BC371E0200000000
(1717243278.503000) can0 200#D40D9B00B0000000
(1717243278.507000) can0 300#7F02510400000000
(1717243278.520000) can0 100#A9371E0200000000
(1717243278.540000) can0 100#96371E0200000000
(1717243278.557000) can0 300#7E02510400000000
(1717243278.560000) can0 100#83371E0200000000
(1717243278.580000) can0 100#70371E0200000000
(1717243278.600000) can0 100#5D371E0200000000
(1717243278.603000) can0 200#D40D9D00B0000000
(1717243278.607000) can0 300#7C02510400000000
(1717243278.620000) can0 100#4A371D0200000000
(1717243278.640000) can0 100#37371D0200000000
(1717243278.657000) can0 300#7B02510400000000
(1717243278.660000) can0 100#24371D0200000000
(1717243278.680000) can0 100#12371D0200000000
(1717243278.700000) can0 100#FF361D0200000000
(1717243278.703000) can0 200#D50D9F00B0000000
(1717243278.707000) can0 300#7A02510400000000
(1717243278.720000) can0 100#ED361D0200000000
(1717243278.740000) can0 100#DA361D0200000000
(1717243278.757000) can0 300#7802510400000000
(1717243278.760000) can0 100#C8361C0200000000
(1717243278.780000) can0 100#B6361C0200000000
(1717243278.800000) can0 100#A3361C0200000000
(1717243278.803000) can0 200#D50DA100B0000000
(1717243278.807000) can0 300#7702510400000000
(1717243278.820000) can0 100#91361C0200000000
(1717243278.840000) can0 100#7F361B0200000000
(1717243278.857000) can0 300#7602510400000000
(1717243278.860000) can0 100#6E361B0200000000
(1717243278.880000) can0 100#5C361B0200000000
(1717243278.900000) can0 100#4A361B0200000000
(1717243278.903000) can0 200#D50DA300B0000000
(1717243278.907000) can0 300#7402510400000000
(1717243278.920000) can0 100#39361A0200000000
(1717243278.940000) can0 100#27361A0200000000
(1717243278.957000) can0 300#7302510400000000
(1717243278.960000) can0 100#16361A0200000000
(1717243278.980000) can0 100#0436190200000000
(1717243279.000000) can0 100#F335190200000000
(1717243279.003000) can0 200#D50DA500B0000000
(1717243279.007000) can0 300#7102510400000000
(1717243279.020000) can0 100#E235190200000000
(1717243279.040000) can0 100#D135180200000000
(1717243279.057000) can0 300#7002510400000000
(1717243279.060000) can0 100#C035180200000000
(1717243279.080000) can0 100#B035180200000000
(1717243279.100000) can0 100#9F35170200000000
(1717243279.103000) can0 200#D50DA700B0000000
(1717243279.107000) can0 300#6F02510400000000
(1717243279.120000) can0 100#8E35170200000000
(1717243279.140000) can0 100#7E35160200000000
(1717243279.157000) can0 300#6D02510400000000
(1717243279.160000) can0 100#6E35160200000000
(1717243279.180000) can0 100#5D35150200000000
(1717243279.200000) can0 100#4D35150200000000
(1717243279.203000) can0 200#D50DAA00B0000000
(1717243279.207000) can0 300#6C02510400000000
(1717243279.220000) can0 100#3D35150200000000
(1717243279.240000) can0 100#2D35140200000000
(1717243279.257000) can0 300#6A02510400000000
(1717243279.260000) can0 100#1E35140200000000
(1717243279.280000) can0 100#0E35130200000000
(1717243279.300000) can0 100#FF34130200000000
(1717243279.303000) can0 200#D50DAC00B0000000
(1717243279.307000) can0 300#6902510400000000
(1717243279.320000) can0 100#EF34120200000000
(1717243279.340000) can0 100#E034120200000000
(1717243279.357000) can0 300#6802510400000000
(1717243279.360000) can0 100#D134110200000000
(1717243279.380000) can0 100#C234110200000000
(1717243279.400000) can0 100#B334100200000000
(1717243279.403000) can0 200#D60DAE00B0000000
(1717243279.407000) can0 300#6602510400000000
(1717243279.420000) can0 100#A434100200000000
(1717243279.440000) can0 100#95340F0200000000
(1717243279.457000) can0 300#6502510400000000
(1717243279.460000) can0 100#87340F0200000000
(1717243279.480000) can0 100#78340E0200000000
(1717243279.500000) can0 100#6A340E0200000000
(1717243279.503000) can0 200#D60DB100B0000000
(1717243279.507000) can0 300#6302510400000000
(1717243279.520000) can0 100#5C340E0200000000
(1717243279.540000) can0 100#4E340D0200000000
(1717243279.557000) can0 300#6202510400000000
(1717243279.560000) can0 100#40340D0200000000
(1717243279.580000) can0 100#32340C0200000000
(1717243279.600000) can0 100#24340C0200000000
(1717243279.603000) can0 200#D60DB300B0000000
(1717243279.607000) can0 300#6002510400000000
(1717243279.620000) can0 100#16340B0200000000
(1717243279.640000) can0 100#09340B0200000000
(1717243279.657000) can0 300#5F02510400000000
(1717243279.660000) can0 100#FC330A0200000000
(1717243279.680000) can0 100#EE330A0200000000
(1717243279.700000) can0 100#E133090200000000
(1717243279.703000) can0 200#D60DB500B0000000
(1717243279.707000) can0 300#5D02510400000000
(1717243279.720000) can0 100#D433090200000000
(1717243279.740000) can0 100#C733090200000000
(1717243279.757000) can0 300#5C02510400000000
(1717243279.760000) can0 100#BB33080200000000
(1717243279.780000) can0 100#AE33080200000000
(1717243279.800000) can0 100#A233070200000000
(1717243279.803000) can0 200#D60DB700B0000000
(1717243279.807000) can0 300#5A02510400000000
(1717243279.820000) can0 100#9533070200000000
(1717243279.840000) can0 100#8933060200000000
(1717243279.857000) can0 300#5902510400000000
(1717243279.860000) can0 100#7D33060200000000
(1717243279.880000) can0 100#7133060200000000
(1717243279.900000) can0 100#6533050200000000
(1717243279.903000) can0 200#D60DB900B0000000
(1717243279.907000) can0 300#5702510400000000
(1717243279.920000) can0 100#5933050200000000
(1717243279.940000) can0 100#4E33050200000000
(1717243279.957000) can0 300#5602510400000000
(1717243279.960000) can0 100#4233040200000000
(1717243279.980000) can0 100#3733040200000000
(1717243280.000000) can0 100#2B33040200000000
(1717243280.003000) can0 200#D60DBB00B0000000
(1717243280.007000) can0 300#5402510400000000
(1717243280.020000) can0 100#2033030200000000
(1717243280.040000) can0 100#1533030200000000
(1717243280.057000) can0 300#5302510400000000
(1717243280.060000) can0 100#0A33030200000000
(1717243280.080000) can0 100#FF32030200000000
(1717243280.100000) can0 100#F532020200000000
(1717243280.103000) can0 200#D60DBD00B0000000
(1717243280.107000) can0 300#5102510400000000
(1717243280.120000) can0 100#EA32020200000000
(1717243280.140000) can0 100#E032020200000000
(1717243280.157000) can0 300#5002510400000000
(1717243280.160000) can0 100#D532020200000000
(1717243280.180000) can0 100#CB32010200000000
(1717243280.200000) can0 100#C132010200000000
(1717243280.203000) can0 200#D70DBF00B0000000
(1717243280.207000) can0 300#4E02510400000000
(1717243280.220000) can0 100#B732010200000000
(1717243280.240000) can0 100#AD32010200000000
(1717243280.257000) can0 300#4D02510400000000
(1717243280.260000) can0 100#A332010200000000
(1717243280.280000) can0 100#9932010200000000
(1717243280.300000) can0 100#9032010200000000
(1717243280.303000) can0 200#D70DC000B0000000
(1717243280.307000) can0 300#4B02510400000000
(1717243280.320000) can0 100#8632010200000000
(1717243280.340000) can0 100#7D32010200000000
(1717243280.357000) can0 300#4A02510400000000
(1717243280.360000) can0 100#7432010200000000
(1717243280.380000) can0 100#6B32010200000000
(1717243280.400000) can0 100#6132010200000000
(1717243280.403000) can0 200#D70DC200B0000000
(1717243280.407000) can0 300#4802510400000000
(1717243280.420000) can0 100#5932010200000000
(1717243280.440000) can0 100#5032010200000000
(1717243280.457000) can0 300#4702510400000000
(1717243280.460000) can0 100#4732010200000000
(1717243280.480000) can0 100#3E32010200000000
(1717243280.500000) can0 100#3632010200000000
(1717243280.503000) can0 200#D70DC300B0000000
(1717243280.507000) can0 300#4502510400000000
(1717243280.520000) can0 100#2D32010200000000
(1717243280.540000) can0 100#2532010200000000
(1717243280.557000) can0 300#4402510400000000
(1717243280.560000) can0 100#1D32010200000000
(1717243280.580000) can0 100#1432020200000000
(1717243280.600000) can0 100#0C32020200000000
(1717243280.603000) can0 200#D70DC400B0000000
(1717243280.607000) can0 300#4202510400000000
(1717243280.620000) can0 100#0432020200000000
(1717243280.640000) can0 100#FC31020200000000
(1717243280.657000) can0 300#4102510400000000
(1717243280.660000) can0 100#F531030200000000
(1717243280.680000) can0 100#ED31030200000000
(1717243280.700000) can0 100#E531030200000000
(1717243280.703000) can0 200#D70DC400B0000000
(1717243280.707000) can0 300#3F02510400000000
(1717243280.720000) can0 100#DE31040200000000
(1717243280.740000) can0 100#D631040200000000
(1717243280.757000) can0 300#3D02510400000000
(1717243280.760000) can0 100#CF31040200000000
(1717243280.780000) can0 100#C731050200000000
(1717243280.800000) can0 100#C031050200000000
(1717243280.803000) can0 200#D70DC500B0000000
(1717243280.807000) can0 300#3C02510400000000
(1717243280.820000) can0 100#B931060200000000
(1717243280.840000) can0 100#B231060200000000
(1717243280.857000) can0 300#3A02510400000000
(1717243280.860000) can0 100#AB31070200000000
(1717243280.880000) can0 100#A431070200000000
(1717243280.900000) can0 100#9D31080200000000
(1717243280.903000) can0 200#D70DC500B0000000
(1717243280.907000) can0 300#3902510400000000
(1717243280.920000) can0 100#9631090200000000
(1717243280.940000) can0 100#8F31090200000000
(1717243280.957000) can0 300#3702510400000000
(1717243280.960000) can0 100#88310A0200000000
(1717243280.980000) can0 100#82310B0200000000
(1717243281.000000) can0 100#7B310B0200000000
(1717243281.003000) can0 200#D70DC500B0000000
(1717243281.007000) can0 300#3602510400000000
(1717243281.020000) can0 100#74310C0200000000
(1717243281.040000) can0 100#6E310D0200000000
(1717243281.057000) can0 300#3402510400000000
(1717243281.060000) can0 100#67310E0200000000
(1717243281.080000) can0 100#61310E0200000000
(1717243281.100000) can0 100#5B310F0200000000
(1717243281.103000) can0 200#D80DC500B0000000
(1717243281.107000) can0 300#3202510400000000
(1717243281.120000) can0 100#5431100200000000
(1717243281.140000) can0 100#4E31110200000000
(1717243281.157000) can0 300#3102510400000000
(1717243281.160000) can0 100#4831120200000000
(1717243281.180000) can0 100#4231130200000000
(1717243281.200000) can0 100#3C31140200000000
(1717243281.203000) can0 200#D80DC400B0000000
(1717243281.207000) can0 300#2F02510400000000
(1717243281.220000) can0 100#3631150200000000
(1717243281.240000) can0 100#2F31160200000000
(1717243281.257000) can0 300#2E02510400000000
(1717243281.260000) can0 100#2931170200000000
(1717243281.280000) can0 100#2331180200000000
(1717243281.300000) can0 100#1D31190200000000
(1717243281.303000) can0 200#D80DC300B0000000
(1717243281.307000) can0 300#2C02510400000000
(1717243281.320000) can0 100#18311A0200000000
(1717243281.340000) can0 100#12311B0200000000
(1717243281.357000) can0 300#2A02510400000000
(1717243281.360000) can0 100#0C311D0200000000
(1717243281.380000) can0 100#06311E0200000000
(1717243281.400000) can0 100#00311F0200000000
(1717243281.403000) can0 200#D80DC200B0000000
(1717243281.407000) can0 300#2902510400000000
(1717243281.420000) can0 100#FA30200200000000
(1717243281.440000) can0 100#F430210200000000
(1717243281.457000) can0 300#2702510400000000
(1717243281.460000) can0 100#EF30230200000000
(1717243281.480000) can0 100#E930240200000000
(1717243281.500000) can0 100#E330260200000000
(1717243281.503000) can0 200#D80DC100B0000000
(1717243281.507000) can0 300#2502510400000000
(1717243281.520000) can0 100#DD30270200000000
(1717243281.540000) can0 100#D730280200000000
(1717243281.557000) can0 300#2402510400000000
(1717243281.560000) can0 100#D2302A0200000000
(1717243281.580000) can0 100#CC302B0200000000
(1717243281.600000) can0 100#C6302D0200000000
(1717243281.603000) can0 200#D80DBF00B0000000
(1717243281.607000) can0 300#2202510400000000
(1717243281.620000) can0 100#C0302E0200000000
(1717243281.640000) can0 100#BB30300200000000
(1717243281.657000) can0 300#2102510400000000
(1717243281.660000) can0 100#B530310200000000
(1717243281.680000) can0 100#AF30330200000000
(1717243281.700000) can0 100#A930350200000000
(1717243281.703000) can0 200#D80DBD00B0000000
(1717243281.707000) can0 300#1F02510400000000
(1717243281.720000) can0 100#A330360200000000
(1717243281.740000) can0 100#9D30380200000000
(1717243281.757000) can0 300#1D02510400000000
(1717243281.760000) can0 100#9830390200000000
(1717243281.780000) can0 100#92303B0200000000
(1717243281.800000) can0 100#8C303D0200000000
(1717243281.803000) can0 200#D80DBB00B0000000
(1717243281.807000) can0 300#1C02510400000000
(1717243281.820000) can0 100#86303F0200000000
(1717243281.840000) can0 100#8030400200000000
(1717243281.857000) can0 300#1A02510400000000
(1717243281.860000) can0 100#7A30420200000000
(1717243281.880000) can0 100#7430440200000000
(1717243281.900000) can0 100#6E30460200000000
(1717243281.903000) can0 200#D80DB900B0000000
(1717243281.907000) can0 300#1802510400000000
(1717243281.920000) can0 100#6830480200000000
(1717243281.940000) can0 100#62304A0200000000
(1717243281.957000) can0 300#1702510400000000
(1717243281.960000) can0 100#5C304B0200000000
(1717243281.980000) can0 100#55304D0200000000
(1717243282.000000) can0 100#4F304F0200000000
(1717243282.003000) can0 200#D80DB600B0000000
(1717243282.007000) can0 300#1502510400000000
(1717243282.020000) can0 100#4930510200000000
(1717243282.040000) can0 100#4330530200000000
(1717243282.057000) can0 300#1302510400000000
(1717243282.060000) can0 100#3C30550200000000
(1717243282.080000) can0 100#3630570200000000
(1717243282.100000) can0 100#2F30590200000000
(1717243282.103000) can0 200#D80DB300B0000000
(1717243282.107000) can0 300#1202510400000000
(1717243282.120000) can0 100#29305B0200000000
(1717243282.140000) can0 100#22305D0200000000
(1717243282.157000) can0 300#1002510400000000
(1717243282.160000) can0 100#1B305F0200000000
(1717243282.180000) can0 100#1530620200000000
(1717243282.200000) can0 100#0E30640200000000
(1717243282.203000) can0 200#D80DB000B0000000
(1717243282.207000) can0 300#0E02510400000000
(1717243282.220000) can0 100#0730660200000000
(1717243282.240000) can0 100#0030680200000000
(1717243282.257000) can0 300#0D02510400000000
(1717243282.260000) can0 100#F92F6A0200000000
(1717243282.280000) can0 100#F22F6C0200000000
(1717243282.300000) can0 100#EB2F6F0200000000
(1717243282.303000) can0 200#D80DAD00B0000000
(1717243282.307000) can0 300#0B02510400000000
(1717243282.320000) can0 100#E42F710200000000
(1717243282.340000) can0 100#DC2F730200000000
(1717243282.357000) can0 300#0902510400000000
(1717243282.360000) can0 100#D52F750200000000
(1717243282.380000) can0 100#CE2F770200000000
(1717243282.400000) can0 100#C62F7A0200000000
(1717243282.403000) can0 200#D90DAA00B0000000
(1717243282.407000) can0 300#0802510400000000
(1717243282.420000) can0 100#BE2F7C0200000000
(1717243282.440000) can0 100#B72F7E0200000000
(1717243282.457000) can0 300#0602510400000000
(1717243282.460000) can0 100#AF2F810200000000
(1717243282.480000) can0 100#A72F830200000000
(1717243282.500000) can0 100#9F2F850200000000
(1717243282.503000) can0 200#D90DA600B0000000
(1717243282.507000) can0 300#0402510400000000
(1717243282.520000) can0 100#972F870200000000
(1717243282.540000) can0 100#8F2F8A0200000000
(1717243282.557000) can0 300#0302510400000000
(1717243282.560000) can0 100#872F8C0200000000
(1717243282.580000) can0 100#7E2F8E0200000000
(1717243282.600000) can0 100#762F910200000000
(1717243282.603000) can0 200#D90DA200B0000000
(1717243282.607000) can0 300#0102510400000000
(1717243282.620000) can0 100#6D2F930200000000
(1717243282.640000) can0 100#652F960200000000
(1717243282.657000) can0 300#FF01510400000000
(1717243282.660000) can0 100#5C2F980200000000
(1717243282.680000) can0 100#532F9A0200000000
(1717243282.700000) can0 100#4A2F9D0200000000
(1717243282.703000) can0 200#D90D9E00B0000000
(1717243282.707000) can0 300#FD01510400000000
(1717243282.720000) can0 100#412F9F0200000000
(1717243282.740000) can0 100#382FA10200000000
(1717243282.757000) can0 300#FC01510400000000
(1717243282.760000) can0 100#2F2FA40200000000
(1717243282.780000) can0 100#252FA60200000000
(1717243282.800000) can0 100#1C2FA90200000000
(1717243282.803000) can0 200#D90D9A00B0000000
(1717243282.807000) can0 300#FA01510400000000
(1717243282.820000) can0 100#122FAB0200000000
(1717243282.840000) can0 100#082FAE0200000000
(1717243282.857000) can0 300#F801510400000000
(1717243282.860000) can0 100#FE2EB00200000000
(1717243282.880000) can0 100#F42EB20200000000
(1717243282.900000) can0 100#EA2EB50200000000
(1717243282.903000) can0 200#D90D9600B0000000
(1717243282.907000) can0 300#F701510400000000
(1717243282.920000) can0 100#E02EB70200000000
(1717243282.940000) can0 100#D62EBA0200000000
(1717243282.957000) can0 300#F501510400000000
(1717243282.960000) can0 100#CB2EBC0200000000
(1717243282.980000) can0 100#C12EBE0200000000
(1717243283.000000) can0 100#B62EC10200000000
(1717243283.003000) can0 200#D90D9200B0000000
(1717243283.007000) can0 300#F301510400000000
(1717243283.020000) can0 100#AB2EC30200000000
(1717243283.040000) can0 100#A02EC60200000000
(1717243283.057000) can0 300#F201510400000000
(1717243283.060000) can0 100#952EC80200000000
(1717243283.080000) can0 100#8A2ECA0200000000
(1717243283.100000) can0 100#7E2ECD0200000000
(1717243283.103000) can0 200#D90D8D00B0000000
(1717243283.107000) can0 300#F001510400000000
(1717243283.120000) can0 100#732ECF0200000000
(1717243283.140000) can0 100#672ED20200000000
(1717243283.157000) can0 300#EE01510400000000
(1717243283.160000) can0 100#5B2ED40200000000
(1717243283.180000) can0 100#4F2ED60200000000
(1717243283.200000) can0 100#432ED90200000000
(1717243283.203000) can0 200#D90D8900B0000000
(1717243283.207000) can0 300#EC01510400000000
(1717243283.220000) can0 100#372EDB0200000000
(1717243283.240000) can0 100#2B2EDD0200000000
(1717243283.257000) can0 300#EB01510400000000
(1717243283.260000) can0 100#1E2EE00200000000
(1717243283.280000) can0 100#122EE20200000000
(1717243283.300000) can0 100#052EE40200000000
(1717243283.303000) can0 200#D90D8400B0000000
(1717243283.307000) can0 300#E901510400000000
(1717243283.320000) can0 100#F82DE70200000000
(1717243283.340000) can0 100#EB2DE90200000000
(1717243283.357000) can0 300#E701510400000000
(1717243283.360000) can0 100#DE2DEB0200000000
(1717243283.380000) can0 100#D12DEE0200000000
(1717243283.400000) can0 100#C32DF00200000000
(1717243283.403000) can0 200#D90D8000B0000000
(1717243283.407000) can0 300#E601510400000000
(1717243283.420000) can0 100#B62DF20200000000
(1717243283.440000) can0 100#A82DF40200000000
(1717243283.457000) can0 300#E401510400000000
(1717243283.460000) can0 100#9A2DF70200000000
(1717243283.480000) can0 100#8C2DF90200000000
(1717243283.500000) can0 100#7E2DFB0200000000
(1717243283.503000) can0 200#D90D7B00B0000000
(1717243283.507000) can0 300#E201510400000000
(1717243283.520000) can0 100#6F2DFD0200000000
(1717243283.540000) can0 100#612D000300000000
(1717243283.557000) can0 300#E001510400000000
(1717243283.560000) can0 100#522D020300000000
(1717243283.580000) can0 100#442D040300000000
(1717243283.600000) can0 100#352D060300000000
(1717243283.603000) can0 200#D90D7700B0000000
(1717243283.607000) can0 300#DF01510400000000
(1717243283.620000) can0 100#262D080300000000
(1717243283.640000) can0 100#162D0A0300000000
(1717243283.657000) can0 300#DD01510400000000
(1717243283.660000) can0 100#072D0C0300000000
(1717243283.680000) can0 100#F82C0E0300000000
(1717243283.700000) can0 100#E82C100300000000
(1717243283.703000) can0 200#D90D7200B0000000
(1717243283.707000) can0 300#DB01510400000000
(1717243283.720000) can0 100#D82C120300000000
(1717243283.740000) can0 100#C82C140300000000
(1717243283.757000) can0 300#D901510400000000
(1717243283.760000) can0 100#B82C160300000000
(1717243283.780000) can0 100#A82C180300000000
(1717243283.800000) can0 100#982C1A0300000000
(1717243283.803000) can0 200#D90D6E00B0000000
(1717243283.807000) can0 300#D801510400000000
(1717243283.820000) can0 100#872C1C0300000000
(1717243283.840000) can0 100#762C1E0300000000
(1717243283.857000) can0 300#D601510400000000
(1717243283.860000) can0 100#662C200300000000
(1717243283.880000) can0 100#552C220300000000
(1717243283.900000) can0 100#442C240300000000
(1717243283.903000) can0 200#D90D6A00B0000000
(1717243283.907000) can0 300#D401510400000000
(1717243283.920000) can0 100#322C260300000000
(1717243283.940000) can0 100#212C280300000000
(1717243283.957000) can0 300#D201510400000000
(1717243283.960000) can0 100#0F2C290300000000
(1717243283.980000) can0 100#FE2B2B0300000000
(1717243284.000000) can0 100#EC2B2D0300000000
(1717243284.003000) can0 200#D90D6600B0000000
(1717243284.007000) can0 300#D101510400000000
(1717243284.020000) can0 100#DA2B2F0300000000
(1717243284.040000) can0 100#C82B300300000000
(1717243284.057000) can0 300#CF01510400000000
(1717243284.060000) can0 100#B62B320300000000
(1717243284.080000) can0 100#A32B340300000000
(1717243284.100000) can0 100#912B350300000000
(1717243284.103000) can0 200#D90D6200B0000000
(1717243284.107000) can0 300#CD01510400000000
(1717243284.120000) can0 100#7E2B370300000000
(1717243284.140000) can0 100#6B2B380300000000
(1717243284.157000) can0 300#CC01510400000000
(1717243284.160000) can0 100#582B3A0300000000
(1717243284.180000) can0 100#452B3B0300000000
(1717243284.200000) can0 100#322B3D0300000000
(1717243284.203000) can0 200#D90D5E00B0000000
(1717243284.207000) can0 300#CA01510400000000
(1717243284.220000) can0 100#1F2B3E0300000000
(1717243284.240000) can0 100#0B2B400300000000
(1717243284.257000) can0 300#C801510400000000
(1717243284.260000) can0 100#F82A410300000000
(1717243284.280000) can0 100#E42A430300000000
(1717243284.300000) can0 100#D02A440300000000
(1717243284.303000) can0 200#D90D5A00B0000000
(1717243284.307000) can0 300#C601510400000000
(1717243284.320000) can0 100#BC2A450300000000
(1717243284.340000) can0 100#A82A470300000000
(1717243284.357000) can0 300#C501510400000000
(1717243284.360000) can0 100#942A480300000000
(1717243284.380000) can0 100#7F2A490300000000
(1717243284.400000) can0 100#6B2A4B0300000000
(1717243284.403000) can0 200#D90D5700B0000000
(1717243284.407000) can0 300#C301510400000000
(1717243284.420000) can0 100#562A4C0300000000
(1717243284.440000) can0 100#412A4D0300000000
(1717243284.457000) can0 300#C101510400000000
(1717243284.460000) can0 100#2D2A4E0300000000
(1717243284.480000) can0 100#182A4F0300000000
(1717243284.500000) can0 100#022A500300000000
(1717243284.503000) can0 200#D90D5300B0000000
(1717243284.507000) can0 300#BF01510400000000
(1717243284.520000) can0 100#ED29520300000000
(1717243284.540000) can0 100#D829530300000000
(1717243284.557000) can0 300#BE01510400000000
(1717243284.560000) can0 100#C229540300000000
(1717243284.580000) can0 100#AD29550300000000
(1717243284.600000) can0 100#9729560300000000
(1717243284.603000) can0 200#D90D5000B0000000
(1717243284.607000) can0 300#BC01510400000000
(1717243284.620000) can0 100#8129570300000000
(1717243284.640000) can0 100#6B29570300000000
(1717243284.657000) can0 300#BA01510400000000
(1717243284.660000) can0 100#5529580300000000
(1717243284.680000) can0 100#3F29590300000000
(1717243284.700000) can0 100#29295A0300000000
(1717243284.703000) can0 200#D90D4E00B0000000
(1717243284.707000) can0 300#B801510400000000
(1717243284.720000) can0 100#13295B0300000000
(1717243284.740000) can0 100#FC285C0300000000
(1717243284.757000) can0 300#B701510400000000
(1717243284.760000) can0 100#E6285C0300000000
(1717243284.780000) can0 100#CF285D0300000000
(1717243284.800000) can0 100#B8285E0300000000
(1717243284.803000) can0 200#D90D4B00B0000000
(1717243284.807000) can0 300#B501510400000000
(1717243284.820000) can0 100#A1285E0300000000
(1717243284.840000) can0 100#8A285F0300000000
(1717243284.857000) can0 300#B301510400000000
(1717243284.860000) can0 100#7328600300000000
(1717243284.880000) can0 100#5C28600300000000
(1717243284.900000) can0 100#4528610300000000
(1717243284.903000) can0 200#D90D4900B0000000
(1717243284.907000) can0 300#B101510400000000
(1717243284.920000) can0 100#2E28610300000000
(1717243284.940000) can0 100#1628620300000000
(1717243284.957000) can0 300#B001510400000000
(1717243284.960000) can0 100#FF27620300000000
(1717243284.980000) can0 100#E727630300000000
(1717243285.000000) can0 100#D027630300000000
(1717243285.003000) can0 200#D90D4700AF000000
(1717243285.007000) can0 300#AE01510400000000
(1717243285.020000) can0 100#B827640300000000
(1717243285.040000) can0 100#A027640300000000
(1717243285.057000) can0 300#AC01510400000000
(1717243285.060000) can0 100#8827640300000000
(1717243285.080000) can0 100#7027650300000000
(1717243285.100000) can0 100#5827650300000000
(1717243285.103000) can0 200#D90D4500AF000000
(1717243285.107000) can0 300#AA01510400000000
(1717243285.120000) can0 100#4027650300000000
(1717243285.140000) can0 100#2827650300000000
(1717243285.157000) can0 300#A901510400000000
(1717243285.160000) can0 100#1027660300000000
(1717243285.180000) can0 100#F826660300000000
(1717243285.200000) can0 100#DF26660300000000
(1717243285.203000) can0 200#D90D4400AF000000
(1717243285.207000) can0 300#A701510400000000
(1717243285.220000) can0 100#C726660300000000
(1717243285.240000) can0 100#AE26660300000000
(1717243285.257000) can0 300#A501510400000000
(1717243285.260000) can0 100#9626660300000000
(1717243285.280000) can0 100#7D26660300000000
(1717243285.300000) can0 100#6526660300000000
(1717243285.303000) can0 200#D90D4300AF000000
(1717243285.307000) can0 300#A301510400000000
(1717243285.320000) can0 100#4C26660300000000
(1717243285.340000) can0 100#3426660300000000
(1717243285.357000) can0 300#A201510400000000
(1717243285.360000) can0 100#1B26660300000000
(1717243285.380000) can0 100#0226660300000000
(1717243285.400000) can0 100#E925660300000000
(1717243285.403000) can0 200#D90D4300AF000000
(1717243285.407000) can0 300#A001510400000000
(1717243285.420000) can0 100#D025660300000000
(1717243285.440000) can0 100#B725660300000000
(1717243285.457000) can0 300#9E01510400000000
(1717243285.460000) can0 100#9F25660300000000
(1717243285.480000) can0 100#8625660300000000
(1717243285.500000) can0 100#6D25650300000000
(1717243285.503000) can0 200#D90D4200AF000000
(1717243285.507000) can0 300#9C01510400000000
(1717243285.520000) can0 100#5425650300000000
(1717243285.540000) can0 100#3B25650300000000
(1717243285.557000) can0 300#9B01510400000000
(1717243285.560000) can0 100#2225650300000000
(1717243285.580000) can0 100#0825640300000000
(1717243285.600000) can0 100#EF24640300000000
(1717243285.603000) can0 200#D90D4200AF000000
(1717243285.607000) can0 300#9901510400000000
(1717243285.620000) can0 100#D624640300000000
(1717243285.640000) can0 100#BD24630300000000
(1717243285.657000) can0 300#9701510400000000
(1717243285.660000) can0 100#A424630300000000
(1717243285.680000) can0 100#8B24630300000000
(1717243285.700000) can0 100#7224620300000000
(1717243285.703000) can0 200#D90D4300AF000000
(1717243285.707000) can0 300#9501510400000000
(1717243285.720000) can0 100#5924620300000000
(1717243285.740000) can0 100#3F24610300000000
(1717243285.757000) can0 300#9401510400000000
(1717243285.760000) can0 100#2624610300000000
(1717243285.780000) can0 100#0D24610300000000
(1717243285.800000) can0 100#F423600300000000
(1717243285.803000) can0 200#D90D4300AF000000
(1717243285.807000) can0 300#9201510400000000
(1717243285.820000) can0 100#DB23600300000000
(1717243285.840000) can0 100#C2235F0300000000
(1717243285.857000) can0 300#9001510400000000
(1717243285.860000) can0 100#A9235F0300000000
(1717243285.880000) can0 100#90235E0300000000
(1717243285.900000) can0 100#76235E0300000000
(1717243285.903000) can0 200#D90D4400AF000000
(1717243285.907000) can0 300#8F01510400000000
(1717243285.920000) can0 100#5D235D0300000000
(1717243285.940000) can0 100#44235C0300000000
(1717243285.957000) can0 300#8D01510400000000
(1717243285.960000) can0 100#2B235C0300000000
(1717243285.980000) can0 100#12235B0300000000
(1717243286.000000) can0 100#F9225B0300000000
(1717243286.003000) can0 200#D90D4600AF000000
(1717243286.007000) can0 300#8B01510400000000
(1717243286.020000) can0 100#E0225A0300000000
(1717243286.040000) can0 100#C822590300000000
(1717243286.057000) can0 300#8901510400000000
(1717243286.060000) can0 100#AF22590300000000
(1717243286.080000) can0 100#9622580300000000
(1717243286.100000) can0 100#7D22570300000000
(1717243286.103000) can0 200#D90D4800AF000000
(1717243286.107000) can0 300#8801510400000000
(1717243286.120000) can0 100#6422570300000000
(1717243286.140000) can0 100#4C22560300000000
(1717243286.157000) can0 300#8601510400000000
(1717243286.160000) can0 100#3322550300000000
(1717243286.180000) can0 100#1A22550300000000
(1717243286.200000) can0 100#0222540300000000
(1717243286.203000) can0 200#D80D4A00AF000000
(1717243286.207000) can0 300#8401510400000000
(1717243286.220000) can0 100#E921530300000000
(1717243286.240000) can0 100#D121530300000000
(1717243286.257000) can0 300#8201510400000000
(1717243286.260000) can0 100#B921520300000000
(1717243286.280000) can0 100#A021510300000000
(1717243286.300000) can0 100#8821500300000000
(1717243286.303000) can0 200#D80D4C00AF000000
(1717243286.307000) can0 300#8101510400000000
(1717243286.320000) can0 100#7021500300000000
(1717243286.340000) can0 100#58214F0300000000
(1717243286.357000) can0 300#7F01510400000000
(1717243286.360000) can0 100#3F214E0300000000
(1717243286.380000) can0 100#27214E0300000000
(1717243286.400000) can0 100#0F214D0300000000
(1717243286.403000) can0 200#D80D4F00AF000000
(1717243286.407000) can0 300#7D01510400000000
(1717243286.420000) can0 100#F8204C0300000000
(1717243286.440000) can0 100#E0204B0300000000
(1717243286.457000) can0 300#7C01510400000000
(1717243286.460000) can0 100#C8204B0300000000
(1717243286.480000) can0 100#B0204A0300000000
(1717243286.500000) can0 100#9920490300000000
(1717243286.503000) can0 200#D80D5200AF000000
(1717243286.507000) can0 300#7A01510400000000
(1717243286.520000) can0 100#8120480300000000
(1717243286.540000) can0 100#6A20480300000000
(1717243286.557000) can0 300#7801510400000000
(1717243286.560000) can0 100#5320470300000000
(1717243286.580000) can0 100#3B20460300000000
(1717243286.600000) can0 100#2420450300000000
(1717243286.603000) can0 200#D80D5600AF000000
(1717243286.607000) can0 300#7601510400000000
(1717243286.620000) can0 100#0D20450300000000
(1717243286.640000) can0 100#F61F440300000000
(1717243286.657000) can0 300#7501510400000000
(1717243286.660000) can0 100#E01F430300000000
(1717243286.680000) can0 100#C91F420300000000
(1717243286.700000) can0 100#B21F420300000000
(1717243286.703000) can0 200#D80D5900AF000000
(1717243286.707000) can0 300#7301510400000000
(1717243286.720000) can0 100#9C1F410300000000
(1717243286.740000) can0 100#851F400300000000
(1717243286.757000) can0 300#7101510400000000
(1717243286.760000) can0 100#6F1F400300000000
(1717243286.780000) can0 100#591F3F0300000000
(1717243286.800000) can0 100#421F3E0300000000
(1717243286.803000) can0 200#D80D5D00AF000000
(1717243286.807000) can0 300#7001510400000000
(1717243286.820000) can0 100#2C1F3E0300000000
(1717243286.840000) can0 100#171F3D0300000000
(1717243286.857000) can0 300#6E01510400000000
(1717243286.860000) can0 100#011F3C0300000000
(1717243286.880000) can0 100#EB1E3C0300000000
(1717243286.900000) can0 100#D51E3B0300000000
(1717243286.903000) can0 200#D80D6100AF000000
(1717243286.907000) can0 300#6C01510400000000
(1717243286.920000) can0 100#C01E3A0300000000
(1717243286.940000) can0 100#AB1E3A0300000000
(1717243286.957000) can0 300#6B01510400000000
(1717243286.960000) can0 100#951E390300000000
(1717243286.980000) can0 100#801E380300000000
(1717243287.000000) can0 100#6B1E380300000000
(1717243287.003000) can0 200#D80D6600AF000000
(1717243287.007000) can0 300#6901510400000000
(1717243287.020000) can0 100#571E370300000000
(1717243287.040000) can0 100#421E370300000000
(1717243287.057000) can0 300#6701510400000000
(1717243287.060000) can0 100#2D1E360300000000
(1717243287.080000) can0 100#191E360300000000
(1717243287.100000) can0 100#041E350300000000
(1717243287.103000) can0 200#D80D6B00AF000000
(1717243287.107000) can0 300#6501510400000000
(1717243287.120000) can0 100#F01D350300000000
(1717243287.140000) can0 100#DC1D340300000000
(1717243287.157000) can0 300#6401510400000000
(1717243287.160000) can0 100#C81D340300000000
(1717243287.180000) can0 100#B41D330300000000
(1717243287.200000) can0 100#A11D330300000000
(1717243287.203000) can0 200#D80D7000AF000000
(1717243287.207000) can0 300#6201510400000000
(1717243287.220000) can0 100#8D1D320300000000
(1717243287.240000) can0 100#7A1D320300000000
(1717243287.257000) can0 300#6001510400000000
(1717243287.260000) can0 100#671D310300000000
(1717243287.280000) can0 100#531D310300000000
(1717243287.300000) can0 100#401D310300000000
(1717243287.303000) can0 200#D80D7500AF000000
(1717243287.307000) can0 300#5F01510400000000
(1717243287.320000) can0 100#2E1D300300000000
(1717243287.340000) can0 100#1B1D300300000000
(1717243287.357000) can0 300#5D01510400000000
(1717243287.360000) can0 100#081D300300000000
(1717243287.380000) can0 100#F61C2F0300000000
(1717243287.400000) can0 100#E41C2F0300000000
(1717243287.403000) can0 200#D70D7A00AF000000
(1717243287.407000) can0 300#5B01510400000000
(1717243287.420000) can0 100#D21C2F0300000000
(1717243287.440000) can0 100#C01C2E0300000000
(1717243287.457000) can0 300#5A01510400000000
(1717243287.460000) can0 100#AE1C2E0300000000
(1717243287.480000) can0 100#9C1C2E0300000000
(1717243287.500000) can0 100#8B1C2E0300000000
(1717243287.503000) can0 200#D70D8000AF000000
(1717243287.507000) can0 300#5801510400000000
(1717243287.520000) can0 100#791C2E0300000000
(1717243287.540000) can0 100#681C2D0300000000
(1717243287.557000) can0 300#5601510400000000
(1717243287.560000) can0 100#571C2D0300000000
(1717243287.580000) can0 100#461C2D0300000000
(1717243287.600000) can0 100#351C2D0300000000
(1717243287.603000) can0 200#D70D8500AF000000
(1717243287.607000) can0 300#5501510400000000
(1717243287.620000) can0 100#241C2D0300000000
(1717243287.640000) can0 100#141C2D0300000000
(1717243287.657000) can0 300#5301510400000000
(1717243287.660000) can0 100#041C2D0300000000
(1717243287.680000) can0 100#F31B2D0300000000
(1717243287.700000) can0 100#E31B2D0300000000
(1717243287.703000) can0 200#D70D8B00AF000000
(1717243287.707000) can0 300#5101510400000000
(1717243287.720000) can0 100#D41B2D0300000000
(1717243287.740000) can0 100#C41B2D0300000000
(1717243287.757000) can0 300#5001510400000000
(1717243287.760000) can0 100#B41B2D0300000000
(1717243287.780000) can0 100#A51B2D0300000000
(1717243287.800000) can0 100#961B2D0300000000
(1717243287.803000) can0 200#D70D9100AF000000
(1717243287.807000) can0 300#4E01510400000000
(1717243287.820000) can0 100#861B2E0300000000
(1717243287.840000) can0 100#781B2E0300000000
(1717243287.857000) can0 300#4C01510400000000
(1717243287.860000) can0 100#691B2E0300000000
(1717243287.880000) can0 100#5A1B2E0300000000
(1717243287.900000) can0 100#4C1B2E0300000000
(1717243287.903000) can0 200#D70D9700AF000000
(1717243287.907000) can0 300#4B01510400000000
(1717243287.920000) can0 100#3D1B2F0300000000
(1717243287.940000) can0 100#2F1B2F0300000000
(1717243287.957000) can0 300#4901510400000000
(1717243287.960000) can0 100#211B2F0300000000
(1717243287.980000) can0 100#131B300300000000
(1717243288.000000) can0 100#051B300300000000
(1717243288.003000) can0 200#D70D9D00AF000000
(1717243288.007000) can0 300#4701510400000000
(1717243288.020000) can0 100#F81A300300000000
(1717243288.040000) can0 100#EA1A310300000000
(1717243288.057000) can0 300#4601510400000000
(1717243288.060000) can0 100#DD1A310300000000
(1717243288.080000) can0 100#D01A320300000000
(1717243288.100000) can0 100#C31A320300000000
(1717243288.103000) can0 200#D70DA300AF000000
(1717243288.107000) can0 300#4401510400000000
(1717243288.120000) can0 100#B61A330300000000
(1717243288.140000) can0 100#AA1A330300000000
(1717243288.157000) can0 300#4301510400000000
(1717243288.160000) can0 100#9D1A340300000000
(1717243288.180000) can0 100#911A340300000000
(1717243288.200000) can0 100#841A350300000000
(1717243288.203000) can0 200#D70DA900AF000000
(1717243288.207000) can0 300#4101510400000000
(1717243288.220000) can0 100#781A360300000000
(1717243288.240000) can0 100#6D1A360300000000
(1717243288.257000) can0 300#3F01520400000000
(1717243288.260000) can0 100#611A370300000000
(1717243288.280000) can0 100#551A380300000000
(1717243288.300000) can0 100#4A1A380300000000
(1717243288.303000) can0 200#D60DAF00AF000000
(1717243288.307000) can0 300#3E01520400000000
(1717243288.320000) can0 100#3E1A390300000000
(1717243288.340000) can0 100#331A3A0300000000
(1717243288.357000) can0 300#3C01520400000000
(1717243288.360000) can0 100#281A3B0300000000
(1717243288.380000) can0 100#1D1A3B0300000000
(1717243288.400000) can0 100#121A3C0300000000
(1717243288.403000) can0 200#D60DB400AF000000
(1717243288.407000) can0 300#3A01520400000000
(1717243288.420000) can0 100#081A3D0300000000
(1717243288.440000) can0 100#FD193E0300000000
(1717243288.457000) can0 300#3901520400000000
(1717243288.460000) can0 100#F3193F0300000000
(1717243288.480000) can0 100#E919400300000000
(1717243288.500000) can0 100#DF19410300000000
(1717243288.503000) can0 200#D60DBA00AF000000
(1717243288.507000) can0 300#3701520400000000
(1717243288.520000) can0 100#D519420300000000
(1717243288.540000) can0 100#CB19430300000000
(1717243288.557000) can0 300#3601520400000000
(1717243288.560000) can0 100#C119440300000000
(1717243288.580000) can0 100#B819450300000000
(1717243288.600000) can0 100#AE19460300000000
(1717243288.603000) can0 200#D60DC000AF000000
(1717243288.607000) can0 300#3401520400000000
(1717243288.620000) can0 100#A519470300000000
(1717243288.640000) can0 100#9C19480300000000
(1717243288.657000) can0 300#3201520400000000
(1717243288.660000) can0 100#9319490300000000
(1717243288.680000) can0 100#8A194A0300000000
(1717243288.700000) can0 100#81194C0300000000
(1717243288.703000) can0 200#D60DC600AF000000
(1717243288.707000) can0 300#3101520400000000
(1717243288.720000) can0 100#79194D0300000000
(1717243288.740000) can0 100#70194E0300000000
(1717243288.757000) can0 300#2F01520400000000
(1717243288.760000) can0 100#68194F0300000000
(1717243288.780000) can0 100#6019500300000000
(1717243288.800000) can0 100#5719520300000000
(1717243288.803000) can0 200#D60DCB00AF000000
(1717243288.807000) can0 300#2E01520400000000
(1717243288.820000) can0 100#4F19530300000000
(1717243288.840000) can0 100#4819540300000000
(1717243288.857000) can0 300#2C01520400000000
(1717243288.860000) can0 100#4019560300000000
(1717243288.880000) can0 100#3819570300000000
(1717243288.900000) can0 100#3119580300000000
(1717243288.903000) can0 200#D60DD100AF000000
(1717243288.907000) can0 300#2B01520400000000
(1717243288.920000) can0 100#29195A0300000000
(1717243288.940000) can0 100#22195B0300000000
(1717243288.957000) can0 300#2901520400000000
(1717243288.960000) can0 100#1A195C0300000000
(1717243288.980000) can0 100#13195E0300000000
(1717243289.000000) can0 100#0C195F0300000000
(1717243289.003000) can0 200#D50DD600AF000000
(1717243289.007000) can0 300#2701520400000000
(1717243289.020000) can0 100#0519610300000000
(1717243289.040000) can0 100#FF18620300000000
(1717243289.057000) can0 300#2601520400000000
(1717243289.060000) can0 100#F818640300000000
(1717243289.080000) can0 100#F118650300000000
(1717243289.100000) can0 100#EB18670300000000
(1717243289.103000) can0 200#D50DDB00AF000000
(1717243289.107000) can0 300#2401520400000000
(1717243289.120000) can0 100#E418680300000000
(1717243289.140000) can0 100#DE186A0300000000
(1717243289.157000) can0 300#2301520400000000
(1717243289.160000) can0 100#D8186B0300000000
(1717243289.180000) can0 100#D1186D0300000000
(1717243289.200000) can0 100#CB186F0300000000
(1717243289.203000) can0 200#D50DE000AF000000
(1717243289.207000) can0 300#2101520400000000
(1717243289.220000) can0 100#C518700300000000
(1717243289.240000) can0 100#BF18720300000000
(1717243289.257000) can0 300#2001520400000000
(1717243289.260000) can0 100#BA18730300000000
(1717243289.280000) can0 100#B418750300000000
(1717243289.300000) can0 100#AE18770300000000
(1717243289.303000) can0 200#D50DE500AF000000
(1717243289.307000) can0 300#1E01520400000000
(1717243289.320000) can0 100#A918780300000000
(1717243289.340000) can0 100#A3187A0300000000
(1717243289.357000) can0 300#1D01520400000000
(1717243289.360000) can0 100#9E187C0300000000
(1717243289.380000) can0 100#98187D0300000000
(1717243289.400000) can0 100#93187F0300000000
(1717243289.403000) can0 200#D50DEA00AF000000
(1717243289.407000) can0 300#1B01520400000000
(1717243289.420000) can0 100#8E18810300000000
(1717243289.440000) can0 100#8818820300000000
(1717243289.457000) can0 300#1A01520400000000
(1717243289.460000) can0 100#8318840300000000
(1717243289.480000) can0 100#7E18860300000000
(1717243289.500000) can0 100#7918880300000000
(1717243289.503000) can0 200#D50DEE00AF000000
(1717243289.507000) can0 300#1801520400000000
(1717243289.520000) can0 100#7418890300000000
(1717243289.540000) can0 100#6F188B0300000000
(1717243289.557000) can0 300#1701520400000000
(1717243289.560000) can0 100#6A188D0300000000
(1717243289.580000) can0 100#66188F0300000000
(1717243289.600000) can0 100#6118900300000000
(1717243289.603000) can0 200#D40DF200AF000000
(1717243289.607000) can0 300#1501520400000000
(1717243289.620000) can0 100#5C18920300000000
(1717243289.640000) can0 100#5718940300000000
(1717243289.657000) can0 300#1401520400000000
(1717243289.660000) can0 100#5318960300000000
(1717243289.680000) can0 100#4E18970300000000
(1717243289.700000) can0 100#4A18990300000000
(1717243289.703000) can0 200#D40DF600AF000000
(1717243289.707000) can0 300#1201520400000000
(1717243289.720000) can0 100#45189B0300000000
(1717243289.740000) can0 100#41189D0300000000
(1717243289.757000) can0 300#1101520400000000
(1717243289.760000) can0 100#3C189E0300000000
(1717243289.780000) can0 100#3818A00300000000
(1717243289.800000) can0 100#3318A20300000000
(1717243289.803000) can0 200#D40DF900AF000000
(1717243289.807000) can0 300#0F01520400000000
(1717243289.820000) can0 100#2F18A40300000000
(1717243289.840000) can0 100#2B18A50300000000
(1717243289.857000) can0 300#0E01520400000000
(1717243289.860000) can0 100#2618A70300000000
(1717243289.880000) can0 100#2218A90300000000
(1717243289.900000) can0 100#1E18AB0300000000
(1717243289.903000) can0 200#D40DFD00AF000000
(1717243289.907000) can0 300#0C01520400000000
(1717243289.920000) can0 100#1918AC0300000000
(1717243289.940000) can0 100#1518AE0300000000
(1717243289.957000) can0 300#0B01520400000000
(1717243289.960000) can0 100#1118B00300000000
(1717243289.980000) can0 100#0D18B20300000000
(1717243290.000000) can0 100#0818B30300000000
